ID Year,Year,ID Race,Race,Household Income by Race,Household Income by Race Moe,Geography,ID Geography
2018,"2018",0,"Total",99695,9015,"Census Tract 1001.06, Chesterfield County, VA","14000US51041100106"
2018,"2018",0,"Total",44737,9697,"Census Tract 1001.07, Chesterfield County, VA","14000US51041100107"
2018,"2018",0,"Total",41369,6448,"Census Tract 1002.05, Chesterfield County, VA","14000US51041100205"
2018,"2018",0,"Total",74938,10474,"Census Tract 1002.06, Chesterfield County, VA","14000US51041100206"
2018,"2018",0,"Total",84342,11225,"Census Tract 1002.08, Chesterfield County, VA","14000US51041100208"
2018,"2018",0,"Total",68987,7313,"Census Tract 1002.09, Chesterfield County, VA","14000US51041100209"
2018,"2018",0,"Total",54271,11374,"Census Tract 1002.10, Chesterfield County, VA","14000US51041100210"
2018,"2018",0,"Total",37911,3112,"Census Tract 1003, Chesterfield County, VA","14000US51041100300"
2018,"2018",0,"Total",75625,12480,"Census Tract 1004.03, Chesterfield County, VA","14000US51041100403"
2018,"2018",0,"Total",29167,7877.000000000001,"Census Tract 1004.04, Chesterfield County, VA","14000US51041100404"
2018,"2018",0,"Total",44129,6750.999999999999,"Census Tract 1004.05, Chesterfield County, VA","14000US51041100405"
2018,"2018",0,"Total",26534,3559,"Census Tract 1004.06, Chesterfield County, VA","14000US51041100406"
2018,"2018",0,"Total",49758,8504,"Census Tract 1004.07, Chesterfield County, VA","14000US51041100407"
2018,"2018",0,"Total",76908,11076,"Census Tract 1004.09, Chesterfield County, VA","14000US51041100409"
2018,"2018",0,"Total",48875,5586,"Census Tract 1004.10, Chesterfield County, VA","14000US51041100410"
2018,"2018",0,"Total",72446,18192,"Census Tract 1005.05, Chesterfield County, VA","14000US51041100505"
2018,"2018",0,"Total",68800,15489,"Census Tract 1005.06, Chesterfield County, VA","14000US51041100506"
2018,"2018",0,"Total",91518,12434,"Census Tract 1005.07, Chesterfield County, VA","14000US51041100507"
2018,"2018",0,"Total",62546,6660,"Census Tract 1005.08, Chesterfield County, VA","14000US51041100508"
2018,"2018",0,"Total",90156,11420,"Census Tract 1005.09, Chesterfield County, VA","14000US51041100509"
2018,"2018",0,"Total",69770,10550,"Census Tract 1005.10, Chesterfield County, VA","14000US51041100510"
2018,"2018",0,"Total",50694,10521,"Census Tract 1006, Chesterfield County, VA","14000US51041100600"
2018,"2018",0,"Total",60738,7428,"Census Tract 1007.01, Chesterfield County, VA","14000US51041100701"
2018,"2018",0,"Total",55785,4424,"Census Tract 1007.02, Chesterfield County, VA","14000US51041100702"
2018,"2018",0,"Total",93951,5891,"Census Tract 1007.03, Chesterfield County, VA","14000US51041100703"
2018,"2018",0,"Total",60650,10484,"Census Tract 1008.04, Chesterfield County, VA","14000US51041100804"
2018,"2018",0,"Total",61250,14091,"Census Tract 1008.05, Chesterfield County, VA","14000US51041100805"
2018,"2018",0,"Total",47743,6989,"Census Tract 1008.06, Chesterfield County, VA","14000US51041100806"
2018,"2018",0,"Total",65481,10052,"Census Tract 1008.07, Chesterfield County, VA","14000US51041100807"
2018,"2018",0,"Total",85066,19895,"Census Tract 1008.12, Chesterfield County, VA","14000US51041100812"
2018,"2018",0,"Total",68906,9625,"Census Tract 1008.14, Chesterfield County, VA","14000US51041100814"
2018,"2018",0,"Total",92989,6378,"Census Tract 1008.15, Chesterfield County, VA","14000US51041100815"
2018,"2018",0,"Total",62692,5821,"Census Tract 1008.16, Chesterfield County, VA","14000US51041100816"
2018,"2018",0,"Total",50536,5584,"Census Tract 1008.17, Chesterfield County, VA","14000US51041100817"
2018,"2018",0,"Total",89441,6220,"Census Tract 1008.18, Chesterfield County, VA","14000US51041100818"
2018,"2018",0,"Total",63505,12907,"Census Tract 1008.19, Chesterfield County, VA","14000US51041100819"
2018,"2018",0,"Total",71161,19547,"Census Tract 1008.20, Chesterfield County, VA","14000US51041100820"
2018,"2018",0,"Total",104561,11221,"Census Tract 1008.21, Chesterfield County, VA","14000US51041100821"
2018,"2018",0,"Total",112785,4695,"Census Tract 1008.22, Chesterfield County, VA","14000US51041100822"
2018,"2018",0,"Total",92134,7635.000000000001,"Census Tract 1008.23, Chesterfield County, VA","14000US51041100823"
2018,"2018",0,"Total",91250,18001,"Census Tract 1009.02, Chesterfield County, VA","14000US51041100902"
2018,"2018",0,"Total",62439,18037,"Census Tract 1009.07, Chesterfield County, VA","14000US51041100907"
2018,"2018",0,"Total",70360,3021,"Census Tract 1009.10, Chesterfield County, VA","14000US51041100910"
2018,"2018",0,"Total",95182,13835.999999999998,"Census Tract 1009.12, Chesterfield County, VA","14000US51041100912"
2018,"2018",0,"Total",59884,3818.9999999999995,"Census Tract 1009.15, Chesterfield County, VA","14000US51041100915"
2018,"2018",0,"Total",84076,13397,"Census Tract 1009.19, Chesterfield County, VA","14000US51041100919"
2018,"2018",0,"Total",71500,22738,"Census Tract 1009.20, Chesterfield County, VA","14000US51041100920"
2018,"2018",0,"Total",67203,10946,"Census Tract 1009.21, Chesterfield County, VA","14000US51041100921"
2018,"2018",0,"Total",70494,7794.999999999999,"Census Tract 1009.22, Chesterfield County, VA","14000US51041100922"
2018,"2018",0,"Total",70489,12073,"Census Tract 1009.23, Chesterfield County, VA","14000US51041100923"
2018,"2018",0,"Total",112137,18072,"Census Tract 1009.24, Chesterfield County, VA","14000US51041100924"
2018,"2018",0,"Total",158730,17219,"Census Tract 1009.26, Chesterfield County, VA","14000US51041100926"
2018,"2018",0,"Total",112581,10842,"Census Tract 1009.27, Chesterfield County, VA","14000US51041100927"
2018,"2018",0,"Total",68866,12171,"Census Tract 1009.28, Chesterfield County, VA","14000US51041100928"
2018,"2018",0,"Total",112065,5948,"Census Tract 1009.29, Chesterfield County, VA","14000US51041100929"
2018,"2018",0,"Total",110439,9116,"Census Tract 1009.30, Chesterfield County, VA","14000US51041100930"
2018,"2018",0,"Total",97337,9329,"Census Tract 1009.31, Chesterfield County, VA","14000US51041100931"
2018,"2018",0,"Total",105494,8654,"Census Tract 1009.32, Chesterfield County, VA","14000US51041100932"
2018,"2018",0,"Total",57418,10098,"Census Tract 1009.33, Chesterfield County, VA","14000US51041100933"
2018,"2018",0,"Total",67790,8136.000000000001,"Census Tract 1009.34, Chesterfield County, VA","14000US51041100934"
2018,"2018",0,"Total",126528,16182,"Census Tract 1009.35, Chesterfield County, VA","14000US51041100935"
2018,"2018",0,"Total",150833,16849,"Census Tract 1009.36, Chesterfield County, VA","14000US51041100936"
2018,"2018",0,"Total",139802,7931,"Census Tract 1010.03, Chesterfield County, VA","14000US51041101003"
2018,"2018",0,"Total",107587,9173,"Census Tract 1010.04, Chesterfield County, VA","14000US51041101004"
2018,"2018",0,"Total",103009,13650.000000000002,"Census Tract 1010.07, Chesterfield County, VA","14000US51041101007"
2018,"2018",0,"Total",132417,20439,"Census Tract 1010.08, Chesterfield County, VA","14000US51041101008"
2018,"2018",0,"Total",106908,9308,"Census Tract 1010.09, Chesterfield County, VA","14000US51041101009"
2018,"2018",0,"Total",100882,8407,"Census Tract 1010.10, Chesterfield County, VA","14000US51041101010"
2018,"2018",0,"Total",105750,11480,"Census Tract 1010.11, Chesterfield County, VA","14000US51041101011"
2018,"2018",0,"Total",91458,14380,"Census Tract 1010.12, Chesterfield County, VA","14000US51041101012"
2018,"2018",0,"Total",117375,7687,"Census Tract 1010.13, Chesterfield County, VA","14000US51041101013"
2017,"2017",0,"Total",101569,5644,"Census Tract 1001.06, Chesterfield County, VA","14000US51041100106"
2017,"2017",0,"Total",40915,5119,"Census Tract 1001.07, Chesterfield County, VA","14000US51041100107"
2017,"2017",0,"Total",44894,6814,"Census Tract 1002.05, Chesterfield County, VA","14000US51041100205"
2017,"2017",0,"Total",68958,6194,"Census Tract 1002.06, Chesterfield County, VA","14000US51041100206"
2017,"2017",0,"Total",92689,22738,"Census Tract 1002.08, Chesterfield County, VA","14000US51041100208"
2017,"2017",0,"Total",67769,8616,"Census Tract 1002.09, Chesterfield County, VA","14000US51041100209"
2017,"2017",0,"Total",50485,4583,"Census Tract 1002.10, Chesterfield County, VA","14000US51041100210"
2017,"2017",0,"Total",37034,3351,"Census Tract 1003, Chesterfield County, VA","14000US51041100300"
2017,"2017",0,"Total",73315,12090,"Census Tract 1004.03, Chesterfield County, VA","14000US51041100403"
2017,"2017",0,"Total",28351,4323,"Census Tract 1004.04, Chesterfield County, VA","14000US51041100404"
2017,"2017",0,"Total",45524,6421,"Census Tract 1004.05, Chesterfield County, VA","14000US51041100405"
2017,"2017",0,"Total",25129,3948,"Census Tract 1004.06, Chesterfield County, VA","14000US51041100406"
2017,"2017",0,"Total",51567,5286,"Census Tract 1004.07, Chesterfield County, VA","14000US51041100407"
2017,"2017",0,"Total",74259,7746,"Census Tract 1004.09, Chesterfield County, VA","14000US51041100409"
2017,"2017",0,"Total",48839,3892,"Census Tract 1004.10, Chesterfield County, VA","14000US51041100410"
2017,"2017",0,"Total",77168,12302,"Census Tract 1005.05, Chesterfield County, VA","14000US51041100505"
2017,"2017",0,"Total",62732,20667,"Census Tract 1005.06, Chesterfield County, VA","14000US51041100506"
2017,"2017",0,"Total",90045,16310,"Census Tract 1005.07, Chesterfield County, VA","14000US51041100507"
2017,"2017",0,"Total",71058,16031,"Census Tract 1005.08, Chesterfield County, VA","14000US51041100508"
2017,"2017",0,"Total",86510,7385,"Census Tract 1005.09, Chesterfield County, VA","14000US51041100509"
2017,"2017",0,"Total",71151,10678,"Census Tract 1005.10, Chesterfield County, VA","14000US51041100510"
2017,"2017",0,"Total",49375,5859,"Census Tract 1006, Chesterfield County, VA","14000US51041100600"
2017,"2017",0,"Total",59415,6979,"Census Tract 1007.01, Chesterfield County, VA","14000US51041100701"
2017,"2017",0,"Total",57837,4871,"Census Tract 1007.02, Chesterfield County, VA","14000US51041100702"
2017,"2017",0,"Total",90036,11766,"Census Tract 1007.03, Chesterfield County, VA","14000US51041100703"
2017,"2017",0,"Total",54122,12080,"Census Tract 1008.04, Chesterfield County, VA","14000US51041100804"
2017,"2017",0,"Total",62391,11845,"Census Tract 1008.05, Chesterfield County, VA","14000US51041100805"
2017,"2017",0,"Total",47135,5760,"Census Tract 1008.06, Chesterfield County, VA","14000US51041100806"
2017,"2017",0,"Total",60789,10982,"Census Tract 1008.07, Chesterfield County, VA","14000US51041100807"
2017,"2017",0,"Total",69261,14091,"Census Tract 1008.12, Chesterfield County, VA","14000US51041100812"
2017,"2017",0,"Total",62500,11208,"Census Tract 1008.14, Chesterfield County, VA","14000US51041100814"
2017,"2017",0,"Total",82175,6667,"Census Tract 1008.15, Chesterfield County, VA","14000US51041100815"
2017,"2017",0,"Total",69167,7757,"Census Tract 1008.16, Chesterfield County, VA","14000US51041100816"
2017,"2017",0,"Total",49834,5994,"Census Tract 1008.17, Chesterfield County, VA","14000US51041100817"
2017,"2017",0,"Total",86292,7223,"Census Tract 1008.18, Chesterfield County, VA","14000US51041100818"
2017,"2017",0,"Total",54972,14086,"Census Tract 1008.19, Chesterfield County, VA","14000US51041100819"
2017,"2017",0,"Total",67546,17727,"Census Tract 1008.20, Chesterfield County, VA","14000US51041100820"
2017,"2017",0,"Total",105523,10288,"Census Tract 1008.21, Chesterfield County, VA","14000US51041100821"
2017,"2017",0,"Total",110604,4099,"Census Tract 1008.22, Chesterfield County, VA","14000US51041100822"
2017,"2017",0,"Total",88132,5005,"Census Tract 1008.23, Chesterfield County, VA","14000US51041100823"
2017,"2017",0,"Total",98495,8510,"Census Tract 1009.02, Chesterfield County, VA","14000US51041100902"
2017,"2017",0,"Total",47354,16118.999999999998,"Census Tract 1009.07, Chesterfield County, VA","14000US51041100907"
2017,"2017",0,"Total",69000,4737,"Census Tract 1009.10, Chesterfield County, VA","14000US51041100910"
2017,"2017",0,"Total",91972,8905,"Census Tract 1009.12, Chesterfield County, VA","14000US51041100912"
2017,"2017",0,"Total",60106,5572,"Census Tract 1009.15, Chesterfield County, VA","14000US51041100915"
2017,"2017",0,"Total",74008,11579,"Census Tract 1009.19, Chesterfield County, VA","14000US51041100919"
2017,"2017",0,"Total",59750,7811,"Census Tract 1009.20, Chesterfield County, VA","14000US51041100920"
2017,"2017",0,"Total",66467,8811,"Census Tract 1009.21, Chesterfield County, VA","14000US51041100921"
2017,"2017",0,"Total",73368,7734,"Census Tract 1009.22, Chesterfield County, VA","14000US51041100922"
2017,"2017",0,"Total",67910,17336,"Census Tract 1009.23, Chesterfield County, VA","14000US51041100923"
2017,"2017",0,"Total",116875,19782,"Census Tract 1009.24, Chesterfield County, VA","14000US51041100924"
2017,"2017",0,"Total",132833,30519,"Census Tract 1009.26, Chesterfield County, VA","14000US51041100926"
2017,"2017",0,"Total",105625,15606,"Census Tract 1009.27, Chesterfield County, VA","14000US51041100927"
2017,"2017",0,"Total",64565,13163,"Census Tract 1009.28, Chesterfield County, VA","14000US51041100928"
2017,"2017",0,"Total",110702,8365,"Census Tract 1009.29, Chesterfield County, VA","14000US51041100929"
2017,"2017",0,"Total",109609,10180,"Census Tract 1009.30, Chesterfield County, VA","14000US51041100930"
2017,"2017",0,"Total",97168,7918,"Census Tract 1009.31, Chesterfield County, VA","14000US51041100931"
2017,"2017",0,"Total",98828,11307,"Census Tract 1009.32, Chesterfield County, VA","14000US51041100932"
2017,"2017",0,"Total",57102,9466,"Census Tract 1009.33, Chesterfield County, VA","14000US51041100933"
2017,"2017",0,"Total",70885,7832.000000000001,"Census Tract 1009.34, Chesterfield County, VA","14000US51041100934"
2017,"2017",0,"Total",131667,21276,"Census Tract 1009.35, Chesterfield County, VA","14000US51041100935"
2017,"2017",0,"Total",145625,14373.000000000002,"Census Tract 1009.36, Chesterfield County, VA","14000US51041100936"
2017,"2017",0,"Total",134957,7751,"Census Tract 1010.03, Chesterfield County, VA","14000US51041101003"
2017,"2017",0,"Total",103971,7721,"Census Tract 1010.04, Chesterfield County, VA","14000US51041101004"
2017,"2017",0,"Total",108231,15124,"Census Tract 1010.07, Chesterfield County, VA","14000US51041101007"
2017,"2017",0,"Total",130144,16232.999999999998,"Census Tract 1010.08, Chesterfield County, VA","14000US51041101008"
2017,"2017",0,"Total",104734,9905,"Census Tract 1010.09, Chesterfield County, VA","14000US51041101009"
2017,"2017",0,"Total",99730,10108,"Census Tract 1010.10, Chesterfield County, VA","14000US51041101010"
2017,"2017",0,"Total",94150,11451,"Census Tract 1010.11, Chesterfield County, VA","14000US51041101011"
2017,"2017",0,"Total",78009,13410,"Census Tract 1010.12, Chesterfield County, VA","14000US51041101012"
2017,"2017",0,"Total",111875,9494,"Census Tract 1010.13, Chesterfield County, VA","14000US51041101013"
2016,"2016",0,"Total",98393,14950,"Census Tract 1001.06, Chesterfield County, VA","14000US51041100106"
2016,"2016",0,"Total",39567,5302,"Census Tract 1001.07, Chesterfield County, VA","14000US51041100107"
2016,"2016",0,"Total",46270,3508,"Census Tract 1002.05, Chesterfield County, VA","14000US51041100205"
2016,"2016",0,"Total",69279,10052,"Census Tract 1002.06, Chesterfield County, VA","14000US51041100206"
2016,"2016",0,"Total",89583,25569,"Census Tract 1002.08, Chesterfield County, VA","14000US51041100208"
2016,"2016",0,"Total",68269,6232,"Census Tract 1002.09, Chesterfield County, VA","14000US51041100209"
2016,"2016",0,"Total",50417,7391.000000000001,"Census Tract 1002.10, Chesterfield County, VA","14000US51041100210"
2016,"2016",0,"Total",38278,4010,"Census Tract 1003, Chesterfield County, VA","14000US51041100300"
2016,"2016",0,"Total",80000,13904.999999999998,"Census Tract 1004.03, Chesterfield County, VA","14000US51041100403"
2016,"2016",0,"Total",26359,5409,"Census Tract 1004.04, Chesterfield County, VA","14000US51041100404"
2016,"2016",0,"Total",39013,4028,"Census Tract 1004.05, Chesterfield County, VA","14000US51041100405"
2016,"2016",0,"Total",22258,5392,"Census Tract 1004.06, Chesterfield County, VA","14000US51041100406"
2016,"2016",0,"Total",48727,4586,"Census Tract 1004.07, Chesterfield County, VA","14000US51041100407"
2016,"2016",0,"Total",70757,5134,"Census Tract 1004.09, Chesterfield County, VA","14000US51041100409"
2016,"2016",0,"Total",43869,6552,"Census Tract 1004.10, Chesterfield County, VA","14000US51041100410"
2016,"2016",0,"Total",72778,11161,"Census Tract 1005.05, Chesterfield County, VA","14000US51041100505"
2016,"2016",0,"Total",60521,20046,"Census Tract 1005.06, Chesterfield County, VA","14000US51041100506"
2016,"2016",0,"Total",92851,8051.999999999999,"Census Tract 1005.07, Chesterfield County, VA","14000US51041100507"
2016,"2016",0,"Total",62585,7823,"Census Tract 1005.08, Chesterfield County, VA","14000US51041100508"
2016,"2016",0,"Total",86750,10055,"Census Tract 1005.09, Chesterfield County, VA","14000US51041100509"
2016,"2016",0,"Total",73214,8370,"Census Tract 1005.10, Chesterfield County, VA","14000US51041100510"
2016,"2016",0,"Total",46563,2827,"Census Tract 1006, Chesterfield County, VA","14000US51041100600"
2016,"2016",0,"Total",57153,10945,"Census Tract 1007.01, Chesterfield County, VA","14000US51041100701"
2016,"2016",0,"Total",59167,6491,"Census Tract 1007.02, Chesterfield County, VA","14000US51041100702"
2016,"2016",0,"Total",81166,9687,"Census Tract 1007.03, Chesterfield County, VA","14000US51041100703"
2016,"2016",0,"Total",63378,11646,"Census Tract 1008.04, Chesterfield County, VA","14000US51041100804"
2016,"2016",0,"Total",59732,6959,"Census Tract 1008.05, Chesterfield County, VA","14000US51041100805"
2016,"2016",0,"Total",45915,5318,"Census Tract 1008.06, Chesterfield County, VA","14000US51041100806"
2016,"2016",0,"Total",58750,12909,"Census Tract 1008.07, Chesterfield County, VA","14000US51041100807"
2016,"2016",0,"Total",67536,8952,"Census Tract 1008.12, Chesterfield County, VA","14000US51041100812"
2016,"2016",0,"Total",58254,4897,"Census Tract 1008.14, Chesterfield County, VA","14000US51041100814"
2016,"2016",0,"Total",72147,15574.999999999998,"Census Tract 1008.15, Chesterfield County, VA","14000US51041100815"
2016,"2016",0,"Total",66208,5210,"Census Tract 1008.16, Chesterfield County, VA","14000US51041100816"
2016,"2016",0,"Total",47685,7660.000000000001,"Census Tract 1008.17, Chesterfield County, VA","14000US51041100817"
2016,"2016",0,"Total",80484,3263,"Census Tract 1008.18, Chesterfield County, VA","14000US51041100818"
2016,"2016",0,"Total",51765,9997,"Census Tract 1008.19, Chesterfield County, VA","14000US51041100819"
2016,"2016",0,"Total",57798,11481,"Census Tract 1008.20, Chesterfield County, VA","14000US51041100820"
2016,"2016",0,"Total",101094,8723,"Census Tract 1008.21, Chesterfield County, VA","14000US51041100821"
2016,"2016",0,"Total",105370,7524,"Census Tract 1008.22, Chesterfield County, VA","14000US51041100822"
2016,"2016",0,"Total",84630,6066,"Census Tract 1008.23, Chesterfield County, VA","14000US51041100823"
2016,"2016",0,"Total",95703,8424,"Census Tract 1009.02, Chesterfield County, VA","14000US51041100902"
2016,"2016",0,"Total",50972,13673,"Census Tract 1009.07, Chesterfield County, VA","14000US51041100907"
2016,"2016",0,"Total",65607,4925,"Census Tract 1009.10, Chesterfield County, VA","14000US51041100910"
2016,"2016",0,"Total",90041,6795.000000000001,"Census Tract 1009.12, Chesterfield County, VA","14000US51041100912"
2016,"2016",0,"Total",59006,5820,"Census Tract 1009.15, Chesterfield County, VA","14000US51041100915"
2016,"2016",0,"Total",69261,9423,"Census Tract 1009.19, Chesterfield County, VA","14000US51041100919"
2016,"2016",0,"Total",54485,9770,"Census Tract 1009.20, Chesterfield County, VA","14000US51041100920"
2016,"2016",0,"Total",67226,7061,"Census Tract 1009.21, Chesterfield County, VA","14000US51041100921"
2016,"2016",0,"Total",69800,5307,"Census Tract 1009.22, Chesterfield County, VA","14000US51041100922"
2016,"2016",0,"Total",66250,14470,"Census Tract 1009.23, Chesterfield County, VA","14000US51041100923"
2016,"2016",0,"Total",112045,28302,"Census Tract 1009.24, Chesterfield County, VA","14000US51041100924"
2016,"2016",0,"Total",127054,24655,"Census Tract 1009.26, Chesterfield County, VA","14000US51041100926"
2016,"2016",0,"Total",94575,15538,"Census Tract 1009.27, Chesterfield County, VA","14000US51041100927"
2016,"2016",0,"Total",61552,7650.000000000001,"Census Tract 1009.28, Chesterfield County, VA","14000US51041100928"
2016,"2016",0,"Total",98250,14283.999999999998,"Census Tract 1009.29, Chesterfield County, VA","14000US51041100929"
2016,"2016",0,"Total",110087,11551,"Census Tract 1009.30, Chesterfield County, VA","14000US51041100930"
2016,"2016",0,"Total",94916,5881,"Census Tract 1009.31, Chesterfield County, VA","14000US51041100931"
2016,"2016",0,"Total",94265,12405,"Census Tract 1009.32, Chesterfield County, VA","14000US51041100932"
2016,"2016",0,"Total",52098,8795,"Census Tract 1009.33, Chesterfield County, VA","14000US51041100933"
2016,"2016",0,"Total",61332,10318,"Census Tract 1009.34, Chesterfield County, VA","14000US51041100934"
2016,"2016",0,"Total",130278,26254,"Census Tract 1009.35, Chesterfield County, VA","14000US51041100935"
2016,"2016",0,"Total",137468,17696,"Census Tract 1009.36, Chesterfield County, VA","14000US51041100936"
2016,"2016",0,"Total",129803,7906,"Census Tract 1010.03, Chesterfield County, VA","14000US51041101003"
2016,"2016",0,"Total",92188,13914.999999999998,"Census Tract 1010.04, Chesterfield County, VA","14000US51041101004"
2016,"2016",0,"Total",106816,12971,"Census Tract 1010.07, Chesterfield County, VA","14000US51041101007"
2016,"2016",0,"Total",128393,8683,"Census Tract 1010.08, Chesterfield County, VA","14000US51041101008"
2016,"2016",0,"Total",100570,5000,"Census Tract 1010.09, Chesterfield County, VA","14000US51041101009"
2016,"2016",0,"Total",100946,11901,"Census Tract 1010.10, Chesterfield County, VA","14000US51041101010"
2016,"2016",0,"Total",95052,10574,"Census Tract 1010.11, Chesterfield County, VA","14000US51041101011"
2016,"2016",0,"Total",70781,10922,"Census Tract 1010.12, Chesterfield County, VA","14000US51041101012"
2016,"2016",0,"Total",106921,10070,"Census Tract 1010.13, Chesterfield County, VA","14000US51041101013"
2015,"2015",0,"Total",95855,14991.999999999998,"Census Tract 1001.06, Chesterfield County, VA","14000US51041100106"
2015,"2015",0,"Total",34145,4708,"Census Tract 1001.07, Chesterfield County, VA","14000US51041100107"
2015,"2015",0,"Total",46171,2656,"Census Tract 1002.05, Chesterfield County, VA","14000US51041100205"
2015,"2015",0,"Total",67442,8962,"Census Tract 1002.06, Chesterfield County, VA","14000US51041100206"
2015,"2015",0,"Total",81979,16217.999999999998,"Census Tract 1002.08, Chesterfield County, VA","14000US51041100208"
2015,"2015",0,"Total",69496,5703,"Census Tract 1002.09, Chesterfield County, VA","14000US51041100209"
2015,"2015",0,"Total",45977,6603,"Census Tract 1002.10, Chesterfield County, VA","14000US51041100210"
2015,"2015",0,"Total",36454,1941,"Census Tract 1003, Chesterfield County, VA","14000US51041100300"
2015,"2015",0,"Total",85533,6639,"Census Tract 1004.03, Chesterfield County, VA","14000US51041100403"
2015,"2015",0,"Total",27188,7311.000000000001,"Census Tract 1004.04, Chesterfield County, VA","14000US51041100404"
2015,"2015",0,"Total",40809,6078,"Census Tract 1004.05, Chesterfield County, VA","14000US51041100405"
2015,"2015",0,"Total",24583,8682,"Census Tract 1004.06, Chesterfield County, VA","14000US51041100406"
2015,"2015",0,"Total",47321,4818,"Census Tract 1004.07, Chesterfield County, VA","14000US51041100407"
2015,"2015",0,"Total",66972,5525,"Census Tract 1004.09, Chesterfield County, VA","14000US51041100409"
2015,"2015",0,"Total",44013,8821,"Census Tract 1004.10, Chesterfield County, VA","14000US51041100410"
2015,"2015",0,"Total",72669,11499,"Census Tract 1005.05, Chesterfield County, VA","14000US51041100505"
2015,"2015",0,"Total",63288,7408,"Census Tract 1005.06, Chesterfield County, VA","14000US51041100506"
2015,"2015",0,"Total",87753,9366,"Census Tract 1005.07, Chesterfield County, VA","14000US51041100507"
2015,"2015",0,"Total",60743,5269,"Census Tract 1005.08, Chesterfield County, VA","14000US51041100508"
2015,"2015",0,"Total",92500,11774,"Census Tract 1005.09, Chesterfield County, VA","14000US51041100509"
2015,"2015",0,"Total",71250,9154,"Census Tract 1005.10, Chesterfield County, VA","14000US51041100510"
2015,"2015",0,"Total",48867,3451,"Census Tract 1006, Chesterfield County, VA","14000US51041100600"
2015,"2015",0,"Total",57042,10254,"Census Tract 1007.01, Chesterfield County, VA","14000US51041100701"
2015,"2015",0,"Total",64327,11821,"Census Tract 1007.02, Chesterfield County, VA","14000US51041100702"
2015,"2015",0,"Total",74409,9459,"Census Tract 1007.03, Chesterfield County, VA","14000US51041100703"
2015,"2015",0,"Total",66250,10775,"Census Tract 1008.04, Chesterfield County, VA","14000US51041100804"
2015,"2015",0,"Total",58737,7226,"Census Tract 1008.05, Chesterfield County, VA","14000US51041100805"
2015,"2015",0,"Total",41667,8978,"Census Tract 1008.06, Chesterfield County, VA","14000US51041100806"
2015,"2015",0,"Total",51458,6219,"Census Tract 1008.07, Chesterfield County, VA","14000US51041100807"
2015,"2015",0,"Total",69159,10303,"Census Tract 1008.12, Chesterfield County, VA","14000US51041100812"
2015,"2015",0,"Total",52763,7689,"Census Tract 1008.14, Chesterfield County, VA","14000US51041100814"
2015,"2015",0,"Total",68361,11645,"Census Tract 1008.15, Chesterfield County, VA","14000US51041100815"
2015,"2015",0,"Total",69778,6262,"Census Tract 1008.16, Chesterfield County, VA","14000US51041100816"
2015,"2015",0,"Total",50436,6285,"Census Tract 1008.17, Chesterfield County, VA","14000US51041100817"
2015,"2015",0,"Total",80210,4252,"Census Tract 1008.18, Chesterfield County, VA","14000US51041100818"
2015,"2015",0,"Total",50647,8163,"Census Tract 1008.19, Chesterfield County, VA","14000US51041100819"
2015,"2015",0,"Total",60375,13662,"Census Tract 1008.20, Chesterfield County, VA","14000US51041100820"
2015,"2015",0,"Total",94464,10788,"Census Tract 1008.21, Chesterfield County, VA","14000US51041100821"
2015,"2015",0,"Total",104918,7489,"Census Tract 1008.22, Chesterfield County, VA","14000US51041100822"
2015,"2015",0,"Total",82241,4559,"Census Tract 1008.23, Chesterfield County, VA","14000US51041100823"
2015,"2015",0,"Total",84297,12601,"Census Tract 1009.02, Chesterfield County, VA","14000US51041100902"
2015,"2015",0,"Total",53125,11368,"Census Tract 1009.07, Chesterfield County, VA","14000US51041100907"
2015,"2015",0,"Total",63203,8621,"Census Tract 1009.10, Chesterfield County, VA","14000US51041100910"
2015,"2015",0,"Total",87703,10831,"Census Tract 1009.12, Chesterfield County, VA","14000US51041100912"
2015,"2015",0,"Total",60945,6837,"Census Tract 1009.15, Chesterfield County, VA","14000US51041100915"
2015,"2015",0,"Total",65946,10255,"Census Tract 1009.19, Chesterfield County, VA","14000US51041100919"
2015,"2015",0,"Total",50625,13114,"Census Tract 1009.20, Chesterfield County, VA","14000US51041100920"
2015,"2015",0,"Total",64583,5289,"Census Tract 1009.21, Chesterfield County, VA","14000US51041100921"
2015,"2015",0,"Total",70785,5728,"Census Tract 1009.22, Chesterfield County, VA","14000US51041100922"
2015,"2015",0,"Total",60223,5470,"Census Tract 1009.23, Chesterfield County, VA","14000US51041100923"
2015,"2015",0,"Total",118850,17630,"Census Tract 1009.24, Chesterfield County, VA","14000US51041100924"
2015,"2015",0,"Total",127831,20174,"Census Tract 1009.26, Chesterfield County, VA","14000US51041100926"
2015,"2015",0,"Total",76987,5969,"Census Tract 1009.27, Chesterfield County, VA","14000US51041100927"
2015,"2015",0,"Total",60903,8416,"Census Tract 1009.28, Chesterfield County, VA","14000US51041100928"
2015,"2015",0,"Total",102851,10642,"Census Tract 1009.29, Chesterfield County, VA","14000US51041100929"
2015,"2015",0,"Total",98866,13854,"Census Tract 1009.30, Chesterfield County, VA","14000US51041100930"
2015,"2015",0,"Total",94504,4956,"Census Tract 1009.31, Chesterfield County, VA","14000US51041100931"
2015,"2015",0,"Total",93264,14258.999999999998,"Census Tract 1009.32, Chesterfield County, VA","14000US51041100932"
2015,"2015",0,"Total",50000,8456,"Census Tract 1009.33, Chesterfield County, VA","14000US51041100933"
2015,"2015",0,"Total",61138,5886,"Census Tract 1009.34, Chesterfield County, VA","14000US51041100934"
2015,"2015",0,"Total",144701,12086,"Census Tract 1009.35, Chesterfield County, VA","14000US51041100935"
2015,"2015",0,"Total",146713,11009,"Census Tract 1009.36, Chesterfield County, VA","14000US51041100936"
2015,"2015",0,"Total",130643,6490,"Census Tract 1010.03, Chesterfield County, VA","14000US51041101003"
2015,"2015",0,"Total",89149,11561,"Census Tract 1010.04, Chesterfield County, VA","14000US51041101004"
2015,"2015",0,"Total",105634,18109,"Census Tract 1010.07, Chesterfield County, VA","14000US51041101007"
2015,"2015",0,"Total",119167,9048,"Census Tract 1010.08, Chesterfield County, VA","14000US51041101008"
2015,"2015",0,"Total",104519,16357.999999999998,"Census Tract 1010.09, Chesterfield County, VA","14000US51041101009"
2015,"2015",0,"Total",104510,9353,"Census Tract 1010.10, Chesterfield County, VA","14000US51041101010"
2015,"2015",0,"Total",94409,5836,"Census Tract 1010.11, Chesterfield County, VA","14000US51041101011"
2015,"2015",0,"Total",77801,7169.000000000001,"Census Tract 1010.12, Chesterfield County, VA","14000US51041101012"
2015,"2015",0,"Total",107289,11387,"Census Tract 1010.13, Chesterfield County, VA","14000US51041101013"
2014,"2014",0,"Total",87200,12749,"Census Tract 1001.06, Chesterfield County, VA","14000US51041100106"
2014,"2014",0,"Total",37125,8001.999999999999,"Census Tract 1001.07, Chesterfield County, VA","14000US51041100107"
2014,"2014",0,"Total",45489,2778,"Census Tract 1002.05, Chesterfield County, VA","14000US51041100205"
2014,"2014",0,"Total",65451,8414,"Census Tract 1002.06, Chesterfield County, VA","14000US51041100206"
2014,"2014",0,"Total",88173,21530,"Census Tract 1002.08, Chesterfield County, VA","14000US51041100208"
2014,"2014",0,"Total",68792,8171.000000000001,"Census Tract 1002.09, Chesterfield County, VA","14000US51041100209"
2014,"2014",0,"Total",45927,9946,"Census Tract 1002.10, Chesterfield County, VA","14000US51041100210"
2014,"2014",0,"Total",37004,4378,"Census Tract 1003, Chesterfield County, VA","14000US51041100300"
2014,"2014",0,"Total",84291,7026,"Census Tract 1004.03, Chesterfield County, VA","14000US51041100403"
2014,"2014",0,"Total",27818,6117,"Census Tract 1004.04, Chesterfield County, VA","14000US51041100404"
2014,"2014",0,"Total",40735,11379,"Census Tract 1004.05, Chesterfield County, VA","14000US51041100405"
2014,"2014",0,"Total",32188,6523,"Census Tract 1004.06, Chesterfield County, VA","14000US51041100406"
2014,"2014",0,"Total",44309,5563,"Census Tract 1004.07, Chesterfield County, VA","14000US51041100407"
2014,"2014",0,"Total",66769,4434,"Census Tract 1004.09, Chesterfield County, VA","14000US51041100409"
2014,"2014",0,"Total",41622,4079,"Census Tract 1004.10, Chesterfield County, VA","14000US51041100410"
2014,"2014",0,"Total",64792,14717.000000000002,"Census Tract 1005.05, Chesterfield County, VA","14000US51041100505"
2014,"2014",0,"Total",53688,11956,"Census Tract 1005.06, Chesterfield County, VA","14000US51041100506"
2014,"2014",0,"Total",89375,11095,"Census Tract 1005.07, Chesterfield County, VA","14000US51041100507"
2014,"2014",0,"Total",61988,7169.000000000001,"Census Tract 1005.08, Chesterfield County, VA","14000US51041100508"
2014,"2014",0,"Total",96875,7251.999999999999,"Census Tract 1005.09, Chesterfield County, VA","14000US51041100509"
2014,"2014",0,"Total",71504,11614,"Census Tract 1005.10, Chesterfield County, VA","14000US51041100510"
2014,"2014",0,"Total",46000,7260,"Census Tract 1006, Chesterfield County, VA","14000US51041100600"
2014,"2014",0,"Total",56748,8717,"Census Tract 1007.01, Chesterfield County, VA","14000US51041100701"
2014,"2014",0,"Total",70438,9186,"Census Tract 1007.02, Chesterfield County, VA","14000US51041100702"
2014,"2014",0,"Total",77129,7779,"Census Tract 1007.03, Chesterfield County, VA","14000US51041100703"
2014,"2014",0,"Total",65396,10964,"Census Tract 1008.04, Chesterfield County, VA","14000US51041100804"
2014,"2014",0,"Total",59701,6724,"Census Tract 1008.05, Chesterfield County, VA","14000US51041100805"
2014,"2014",0,"Total",37366,9200,"Census Tract 1008.06, Chesterfield County, VA","14000US51041100806"
2014,"2014",0,"Total",62083,12740,"Census Tract 1008.07, Chesterfield County, VA","14000US51041100807"
2014,"2014",0,"Total",76477,17071,"Census Tract 1008.12, Chesterfield County, VA","14000US51041100812"
2014,"2014",0,"Total",50216,6584,"Census Tract 1008.14, Chesterfield County, VA","14000US51041100814"
2014,"2014",0,"Total",64212,8815,"Census Tract 1008.15, Chesterfield County, VA","14000US51041100815"
2014,"2014",0,"Total",69777,4277,"Census Tract 1008.16, Chesterfield County, VA","14000US51041100816"
2014,"2014",0,"Total",46231,5848,"Census Tract 1008.17, Chesterfield County, VA","14000US51041100817"
2014,"2014",0,"Total",78642,4884,"Census Tract 1008.18, Chesterfield County, VA","14000US51041100818"
2014,"2014",0,"Total",48464,6167,"Census Tract 1008.19, Chesterfield County, VA","14000US51041100819"
2014,"2014",0,"Total",62898,13114,"Census Tract 1008.20, Chesterfield County, VA","14000US51041100820"
2014,"2014",0,"Total",100266,11059,"Census Tract 1008.21, Chesterfield County, VA","14000US51041100821"
2014,"2014",0,"Total",104420,8221,"Census Tract 1008.22, Chesterfield County, VA","14000US51041100822"
2014,"2014",0,"Total",81208,7046,"Census Tract 1008.23, Chesterfield County, VA","14000US51041100823"
2014,"2014",0,"Total",82442,9118,"Census Tract 1009.02, Chesterfield County, VA","14000US51041100902"
2014,"2014",0,"Total",43542,12167,"Census Tract 1009.07, Chesterfield County, VA","14000US51041100907"
2014,"2014",0,"Total",68170,3952,"Census Tract 1009.10, Chesterfield County, VA","14000US51041100910"
2014,"2014",0,"Total",87976,10004,"Census Tract 1009.12, Chesterfield County, VA","14000US51041100912"
2014,"2014",0,"Total",65690,5643,"Census Tract 1009.15, Chesterfield County, VA","14000US51041100915"
2014,"2014",0,"Total",63922,9243,"Census Tract 1009.19, Chesterfield County, VA","14000US51041100919"
2014,"2014",0,"Total",43942,4869,"Census Tract 1009.20, Chesterfield County, VA","14000US51041100920"
2014,"2014",0,"Total",63963,4808,"Census Tract 1009.21, Chesterfield County, VA","14000US51041100921"
2014,"2014",0,"Total",68250,8960,"Census Tract 1009.22, Chesterfield County, VA","14000US51041100922"
2014,"2014",0,"Total",59922,4728,"Census Tract 1009.23, Chesterfield County, VA","14000US51041100923"
2014,"2014",0,"Total",119813,16247.000000000002,"Census Tract 1009.24, Chesterfield County, VA","14000US51041100924"
2014,"2014",0,"Total",113750,23633,"Census Tract 1009.26, Chesterfield County, VA","14000US51041100926"
2014,"2014",0,"Total",75461,7544,"Census Tract 1009.27, Chesterfield County, VA","14000US51041100927"
2014,"2014",0,"Total",62917,8136.000000000001,"Census Tract 1009.28, Chesterfield County, VA","14000US51041100928"
2014,"2014",0,"Total",92000,16960,"Census Tract 1009.29, Chesterfield County, VA","14000US51041100929"
2014,"2014",0,"Total",92833,18605,"Census Tract 1009.30, Chesterfield County, VA","14000US51041100930"
2014,"2014",0,"Total",97600,7251.999999999999,"Census Tract 1009.31, Chesterfield County, VA","14000US51041100931"
2014,"2014",0,"Total",98269,12182,"Census Tract 1009.32, Chesterfield County, VA","14000US51041100932"
2014,"2014",0,"Total",57150,8703,"Census Tract 1009.33, Chesterfield County, VA","14000US51041100933"
2014,"2014",0,"Total",61733,3660,"Census Tract 1009.34, Chesterfield County, VA","14000US51041100934"
2014,"2014",0,"Total",150385,16160,"Census Tract 1009.35, Chesterfield County, VA","14000US51041100935"
2014,"2014",0,"Total",145564,10089,"Census Tract 1009.36, Chesterfield County, VA","14000US51041100936"
2014,"2014",0,"Total",113864,16667,"Census Tract 1010.03, Chesterfield County, VA","14000US51041101003"
2014,"2014",0,"Total",86176,7940,"Census Tract 1010.04, Chesterfield County, VA","14000US51041101004"
2014,"2014",0,"Total",105717,11334,"Census Tract 1010.07, Chesterfield County, VA","14000US51041101007"
2014,"2014",0,"Total",119205,9133,"Census Tract 1010.08, Chesterfield County, VA","14000US51041101008"
2014,"2014",0,"Total",101071,15707,"Census Tract 1010.09, Chesterfield County, VA","14000US51041101009"
2014,"2014",0,"Total",102688,21389,"Census Tract 1010.10, Chesterfield County, VA","14000US51041101010"
2014,"2014",0,"Total",94484,6128,"Census Tract 1010.11, Chesterfield County, VA","14000US51041101011"
2014,"2014",0,"Total",79113,5881,"Census Tract 1010.12, Chesterfield County, VA","14000US51041101012"
2014,"2014",0,"Total",107125,5710,"Census Tract 1010.13, Chesterfield County, VA","14000US51041101013"
2013,"2013",0,"Total",83594,14841,"Census Tract 1001.06, Chesterfield County, VA","14000US51041100106"
2013,"2013",0,"Total",36204,8775,"Census Tract 1001.07, Chesterfield County, VA","14000US51041100107"
2013,"2013",0,"Total",45923,3285,"Census Tract 1002.05, Chesterfield County, VA","14000US51041100205"
2013,"2013",0,"Total",65524,7612,"Census Tract 1002.06, Chesterfield County, VA","14000US51041100206"
2013,"2013",0,"Total",90556,18534,"Census Tract 1002.08, Chesterfield County, VA","14000US51041100208"
2013,"2013",0,"Total",70254,9052,"Census Tract 1002.09, Chesterfield County, VA","14000US51041100209"
2013,"2013",0,"Total",40395,11827,"Census Tract 1002.10, Chesterfield County, VA","14000US51041100210"
2013,"2013",0,"Total",37335,4261,"Census Tract 1003, Chesterfield County, VA","14000US51041100300"
2013,"2013",0,"Total",83861,11001,"Census Tract 1004.03, Chesterfield County, VA","14000US51041100403"
2013,"2013",0,"Total",28340,3189,"Census Tract 1004.04, Chesterfield County, VA","14000US51041100404"
2013,"2013",0,"Total",33846,10636,"Census Tract 1004.05, Chesterfield County, VA","14000US51041100405"
2013,"2013",0,"Total",26667,8158,"Census Tract 1004.06, Chesterfield County, VA","14000US51041100406"
2013,"2013",0,"Total",41302,4298,"Census Tract 1004.07, Chesterfield County, VA","14000US51041100407"
2013,"2013",0,"Total",66829,5905,"Census Tract 1004.09, Chesterfield County, VA","14000US51041100409"
2013,"2013",0,"Total",37061,9452,"Census Tract 1004.10, Chesterfield County, VA","14000US51041100410"
2013,"2013",0,"Total",66640,8046,"Census Tract 1005.05, Chesterfield County, VA","14000US51041100505"
2013,"2013",0,"Total",52643,7687.999999999999,"Census Tract 1005.06, Chesterfield County, VA","14000US51041100506"
2013,"2013",0,"Total",86719,10605,"Census Tract 1005.07, Chesterfield County, VA","14000US51041100507"
2013,"2013",0,"Total",61930,4318,"Census Tract 1005.08, Chesterfield County, VA","14000US51041100508"
2013,"2013",0,"Total",98760,4495,"Census Tract 1005.09, Chesterfield County, VA","14000US51041100509"
2013,"2013",0,"Total",71283,7958,"Census Tract 1005.10, Chesterfield County, VA","14000US51041100510"
2013,"2013",0,"Total",42535,12623,"Census Tract 1006, Chesterfield County, VA","14000US51041100600"
2013,"2013",0,"Total",55202,5553,"Census Tract 1007.01, Chesterfield County, VA","14000US51041100701"
2013,"2013",0,"Total",69091,8161.000000000001,"Census Tract 1007.02, Chesterfield County, VA","14000US51041100702"
2013,"2013",0,"Total",75461,8837,"Census Tract 1007.03, Chesterfield County, VA","14000US51041100703"
2013,"2013",0,"Total",59802,11172,"Census Tract 1008.04, Chesterfield County, VA","14000US51041100804"
2013,"2013",0,"Total",57727,6698,"Census Tract 1008.05, Chesterfield County, VA","14000US51041100805"
2013,"2013",0,"Total",36036,4567,"Census Tract 1008.06, Chesterfield County, VA","14000US51041100806"
2013,"2013",0,"Total",60865,16487,"Census Tract 1008.07, Chesterfield County, VA","14000US51041100807"
2013,"2013",0,"Total",74918,15232,"Census Tract 1008.12, Chesterfield County, VA","14000US51041100812"
2013,"2013",0,"Total",51234,4509,"Census Tract 1008.14, Chesterfield County, VA","14000US51041100814"
2013,"2013",0,"Total",70341,9991,"Census Tract 1008.15, Chesterfield County, VA","14000US51041100815"
2013,"2013",0,"Total",69179,4717,"Census Tract 1008.16, Chesterfield County, VA","14000US51041100816"
2013,"2013",0,"Total",46538,4137,"Census Tract 1008.17, Chesterfield County, VA","14000US51041100817"
2013,"2013",0,"Total",80438,8405,"Census Tract 1008.18, Chesterfield County, VA","14000US51041100818"
2013,"2013",0,"Total",49766,13773,"Census Tract 1008.19, Chesterfield County, VA","14000US51041100819"
2013,"2013",0,"Total",68846,5463,"Census Tract 1008.20, Chesterfield County, VA","14000US51041100820"
2013,"2013",0,"Total",89881,15706,"Census Tract 1008.21, Chesterfield County, VA","14000US51041100821"
2013,"2013",0,"Total",110128,13174,"Census Tract 1008.22, Chesterfield County, VA","14000US51041100822"
2013,"2013",0,"Total",85382,10006,"Census Tract 1008.23, Chesterfield County, VA","14000US51041100823"
2013,"2013",0,"Total",81068,9687,"Census Tract 1009.02, Chesterfield County, VA","14000US51041100902"
2013,"2013",0,"Total",54625,9918,"Census Tract 1009.07, Chesterfield County, VA","14000US51041100907"
2013,"2013",0,"Total",69183,3664,"Census Tract 1009.10, Chesterfield County, VA","14000US51041100910"
2013,"2013",0,"Total",77179,8265,"Census Tract 1009.12, Chesterfield County, VA","14000US51041100912"
2013,"2013",0,"Total",63415,7707.999999999999,"Census Tract 1009.15, Chesterfield County, VA","14000US51041100915"
2013,"2013",0,"Total",70197,9866,"Census Tract 1009.19, Chesterfield County, VA","14000US51041100919"
2013,"2013",0,"Total",40288,8901,"Census Tract 1009.20, Chesterfield County, VA","14000US51041100920"
2013,"2013",0,"Total",63895,6495,"Census Tract 1009.21, Chesterfield County, VA","14000US51041100921"
2013,"2013",0,"Total",65143,7280,"Census Tract 1009.22, Chesterfield County, VA","14000US51041100922"
2013,"2013",0,"Total",60662,4322,"Census Tract 1009.23, Chesterfield County, VA","14000US51041100923"
2013,"2013",0,"Total",123810,7630.000000000001,"Census Tract 1009.24, Chesterfield County, VA","14000US51041100924"
2013,"2013",0,"Total",115852,14515,"Census Tract 1009.26, Chesterfield County, VA","14000US51041100926"
2013,"2013",0,"Total",76992,6737,"Census Tract 1009.27, Chesterfield County, VA","14000US51041100927"
2013,"2013",0,"Total",63676,11184,"Census Tract 1009.28, Chesterfield County, VA","14000US51041100928"
2013,"2013",0,"Total",95441,12470,"Census Tract 1009.29, Chesterfield County, VA","14000US51041100929"
2013,"2013",0,"Total",105968,11791,"Census Tract 1009.30, Chesterfield County, VA","14000US51041100930"
2013,"2013",0,"Total",94630,8023,"Census Tract 1009.31, Chesterfield County, VA","14000US51041100931"
2013,"2013",0,"Total",90550,9412,"Census Tract 1009.32, Chesterfield County, VA","14000US51041100932"
2013,"2013",0,"Total",55677,11420,"Census Tract 1009.33, Chesterfield County, VA","14000US51041100933"
2013,"2013",0,"Total",59063,4475,"Census Tract 1009.34, Chesterfield County, VA","14000US51041100934"
2013,"2013",0,"Total",161484,12320,"Census Tract 1009.35, Chesterfield County, VA","14000US51041100935"
2013,"2013",0,"Total",138125,23544,"Census Tract 1009.36, Chesterfield County, VA","14000US51041100936"
2013,"2013",0,"Total",112118,13635.999999999998,"Census Tract 1010.03, Chesterfield County, VA","14000US51041101003"
2013,"2013",0,"Total",89250,9456,"Census Tract 1010.04, Chesterfield County, VA","14000US51041101004"
2013,"2013",0,"Total",103143,12649,"Census Tract 1010.07, Chesterfield County, VA","14000US51041101007"
2013,"2013",0,"Total",121250,9059,"Census Tract 1010.08, Chesterfield County, VA","14000US51041101008"
2013,"2013",0,"Total",98409,20214,"Census Tract 1010.09, Chesterfield County, VA","14000US51041101009"
2013,"2013",0,"Total",101625,15081.999999999998,"Census Tract 1010.10, Chesterfield County, VA","14000US51041101010"
2013,"2013",0,"Total",91458,5283,"Census Tract 1010.11, Chesterfield County, VA","14000US51041101011"
2013,"2013",0,"Total",75101,10763,"Census Tract 1010.12, Chesterfield County, VA","14000US51041101012"
2013,"2013",0,"Total",109600,6606,"Census Tract 1010.13, Chesterfield County, VA","14000US51041101013"