"Juvenile Intake Cases by Age, FY 2018-2020*",,,,,,,,,,,,,,,,,,
CSU,FIPS,AGE,FY18 %,FY19 %,FY20 %,FY18 #,FY19 #,FY20 #,,,,,,,,,,
1,550,8-12,6.2%,8.1%,9.4%,56,67,60,,"* During FY 2018, Bland County (FIPS 021) and Giles County (FIPS 071) were part of CSU 29. Effective in FY 2019, these localities are part of CSU 27 and all data is presented under CSU 27.",,,,,,,,
1,550,13,9.2%,6.5%,7.4%,84,54,47,,,,,,,,,,
1,550,14,10.6%,13.2%,13.5%,96,110,86,,,,,,,,,,
1,550,15,17.6%,18.5%,17.9%,160,154,114,,,,,,,,,,
1,550,16,21.7%,26.0%,21.4%,197,216,136,,,,,,,,,,
1,550,17,32.6%,25.1%,27.0%,296,209,172,,,,,,,,,,
1,550,18-20,1.8%,2.4%,2.7%,16,20,17,,,,,,,,,,
1,550,Missing,0.4%,0.2%,0.8%,4,2,5,,,,,,,,,,
1,550,Total Cases,100.0%,100.0%,100.0%,909,832,637,,,,,,,,,,
2,810,8-12,4.9%,8.3%,8.3%,66,102,96,,,,,,,,,,
2,810,13,5.8%,8.9%,6.8%,78,109,79,,,,,,,,,,
2,810,14,12.7%,10.0%,13.0%,170,122,150,,,,,,,,,,
2,810,15,14.4%,18.4%,17.7%,192,225,205,,,,,,,,,,
2,810,16,22.0%,20.4%,21.8%,294,249,253,,,,,,,,,,
2,810,17,32.2%,26.5%,25.7%,430,324,298,,,,,,,,,,
2,810,18-20,7.4%,6.9%,6.4%,99,84,74,,,,,,,,,,
2,810,Missing,0.4%,0.6%,0.3%,5,7,3,,,,,,,,,,
2,810,Total Cases,100.0%,100.0%,100.0%,"1,334","1,222","1,158",,,,,,,,,,
2A,001,8-12,5.3%,2.0%,8.6%,7,3,10,,,,,,,,,,
2A,001,13,6.8%,6.7%,7.8%,9,10,9,,,,,,,,,,
2A,001,14,6.8%,10.7%,6.9%,9,16,8,,,,,,,,,,
2A,001,15,15.0%,14.8%,18.1%,20,22,21,,,,,,,,,,
2A,001,16,27.1%,27.5%,20.7%,36,41,24,,,,,,,,,,
2A,001,17,33.8%,26.8%,31.0%,45,40,36,,,,,,,,,,
2A,001,18-20,4.5%,8.7%,4.3%,6,13,5,,,,,,,,,,
2A,001,Missing,0.8%,2.7%,2.6%,1,4,3,,,,,,,,,,
2A,001,Total Cases,100.0%,100.0%,100.0%,133,149,116,,,,,,,,,,
2A,131,8-12,12.4%,19.2%,16.0%,12,19,13,,,,,,,,,,
2A,131,13,10.3%,12.1%,11.1%,10,12,9,,,,,,,,,,
2A,131,14,14.4%,12.1%,7.4%,14,12,6,,,,,,,,,,
2A,131,15,8.2%,16.2%,18.5%,8,16,15,,,,,,,,,,
2A,131,16,21.6%,18.2%,14.8%,21,18,12,,,,,,,,,,
2A,131,17,26.8%,21.2%,18.5%,26,21,15,,,,,,,,,,
2A,131,18-20,6.2%,1.0%,1.2%,6,1,1,,,,,,,,,,
2A,131,Missing,0.0%,0.0%,12.3%,0,0,10,,,,,,,,,,
2A,131,Total Cases,100.0%,100.0%,100.0%,97,99,81,,,,,,,,,,
3,740,8-12,6.6%,4.1%,6.7%,38,18,36,,,,,,,,,,
3,740,13,8.6%,5.9%,8.7%,50,26,47,,,,,,,,,,
3,740,14,11.7%,17.6%,11.3%,68,78,61,,,,,,,,,,
3,740,15,19.7%,16.9%,20.5%,114,75,111,,,,,,,,,,
3,740,16,21.0%,18.7%,23.7%,122,83,128,,,,,,,,,,
3,740,17,28.3%,32.1%,26.6%,164,142,144,,,,,,,,,,
3,740,18-20,4.1%,4.5%,2.6%,24,20,14,,,,,,,,,,
3,740,Missing,0.0%,0.2%,0.0%,0,1,0,,,,,,,,,,
3,740,Total Cases,100.0%,100.0%,100.0%,580,443,541,,,,,,,,,,
4,710,8-12,11.8%,5.8%,5.0%,261,67,58,,,,,,,,,,
4,710,13,8.6%,6.3%,9.7%,190,73,112,,,,,,,,,,
4,710,14,13.9%,10.1%,14.7%,309,117,169,,,,,,,,,,
4,710,15,16.9%,15.8%,14.2%,374,183,163,,,,,,,,,,
4,710,16,24.6%,23.4%,23.6%,545,271,271,,,,,,,,,,
4,710,17,18.4%,33.5%,27.2%,409,389,312,,,,,,,,,,
4,710,18-20,1.9%,4.8%,4.4%,43,56,50,,,,,,,,,,
4,710,Missing,4.0%,0.3%,1.2%,88,4,14,,,,,,,,,,
4,710,Total Cases,100.0%,100.0%,100.0%,"2,219","1,160","1,149",,,,,,,,,,
5,093,8-12,1.2%,4.2%,2.1%,1,3,1,,,,,,,,,,
5,093,13,7.3%,2.8%,4.3%,6,2,2,,,,,,,,,,
5,093,14,11.0%,6.9%,10.6%,9,5,5,,,,,,,,,,
5,093,15,9.8%,15.3%,31.9%,8,11,15,,,,,,,,,,
5,093,16,30.5%,29.2%,21.3%,25,21,10,,,,,,,,,,
5,093,17,31.7%,34.7%,19.1%,26,25,9,,,,,,,,,,
5,093,18-20,8.5%,6.9%,8.5%,7,5,4,,,,,,,,,,
5,093,Missing,0.0%,0.0%,2.1%,0,0,1,,,,,,,,,,
5,093,Total Cases,100.0%,100.0%,100.0%,82,72,47,,,,,,,,,,
5,175,8-12,18.5%,7.5%,9.3%,5,3,4,,,,,,,,,,
5,175,13,7.4%,5.0%,2.3%,2,2,1,,,,,,,,,,
5,175,14,3.7%,2.5%,2.3%,1,1,1,,,,,,,,,,
5,175,15,14.8%,15.0%,20.9%,4,6,9,,,,,,,,,,
5,175,16,18.5%,37.5%,25.6%,5,15,11,,,,,,,,,,
5,175,17,33.3%,30.0%,34.9%,9,12,15,,,,,,,,,,
5,175,18-20,3.7%,2.5%,4.7%,1,1,2,,,,,,,,,,
5,175,Missing,0.0%,0.0%,0.0%,0,0,0,,,,,,,,,,
5,175,Total Cases,100.0%,100.0%,100.0%,27,40,43,,,,,,,,,,
5,620,8-12,7.0%,2.4%,26.3%,3,1,5,,,,,,,,,,
5,620,13,2.3%,9.5%,0.0%,1,4,0,,,,,,,,,,
5,620,14,0.0%,16.7%,26.3%,0,7,5,,,,,,,,,,
5,620,15,34.9%,11.9%,15.8%,15,5,3,,,,,,,,,,
5,620,16,18.6%,26.2%,0.0%,8,11,0,,,,,,,,,,
5,620,17,25.6%,33.3%,31.6%,11,14,6,,,,,,,,,,
5,620,18-20,7.0%,0.0%,0.0%,3,0,0,,,,,,,,,,
5,620,Missing,4.7%,0.0%,0.0%,2,0,0,,,,,,,,,,
5,620,Total Cases,100.0%,100.0%,100.0%,43,42,19,,,,,,,,,,
5,800,8-12,8.1%,6.1%,8.2%,28,23,31,,,,,,,,,,
5,800,13,9.3%,7.1%,5.0%,32,27,19,,,,,,,,,,
5,800,14,16.5%,13.2%,13.0%,57,50,49,,,,,,,,,,
5,800,15,15.9%,24.5%,17.5%,55,93,66,,,,,,,,,,
5,800,16,19.7%,20.5%,29.2%,68,78,110,,,,,,,,,,
5,800,17,26.1%,25.0%,23.6%,90,95,89,,,,,,,,,,
5,800,18-20,4.1%,3.4%,2.7%,14,13,10,,,,,,,,,,
5,800,Missing,0.3%,0.3%,0.8%,1,1,3,,,,,,,,,,
5,800,Total Cases,100.0%,100.0%,100.0%,345,380,377,,,,,,,,,,
6,025,8-12,2.1%,2.9%,0.0%,1,1,0,,,,,,,,,,
6,025,13,6.4%,2.9%,3.8%,3,1,1,,,,,,,,,,
6,025,14,17.0%,5.9%,15.4%,8,2,4,,,,,,,,,,
6,025,15,23.4%,8.8%,7.7%,11,3,2,,,,,,,,,,
6,025,16,21.3%,20.6%,42.3%,10,7,11,,,,,,,,,,
6,025,17,23.4%,52.9%,23.1%,11,18,6,,,,,,,,,,
6,025,18-20,4.3%,2.9%,0.0%,2,1,0,,,,,,,,,,
6,025,Missing,2.1%,2.9%,7.7%,1,1,2,,,,,,,,,,
6,025,Total Cases,100.0%,100.0%,100.0%,47,34,26,,,,,,,,,,
6,081,8-12,3.5%,8.3%,4.3%,2,3,1,,,,,,,,,,
6,081,13,15.8%,8.3%,8.7%,9,3,2,,,,,,,,,,
6,081,14,8.8%,11.1%,8.7%,5,4,2,,,,,,,,,,
6,081,15,22.8%,5.6%,30.4%,13,2,7,,,,,,,,,,
6,081,16,24.6%,25.0%,13.0%,14,9,3,,,,,,,,,,
6,081,17,21.1%,38.9%,34.8%,12,14,8,,,,,,,,,,
6,081,18-20,1.8%,2.8%,0.0%,1,1,0,,,,,,,,,,
6,081,Missing,1.8%,0.0%,0.0%,1,0,0,,,,,,,,,,
6,081,Total Cases,100.0%,100.0%,100.0%,57,36,23,,,,,,,,,,
6,149,8-12,3.4%,5.2%,4.6%,4,6,3,,,,,,,,,,
6,149,13,6.8%,7.8%,12.3%,8,9,8,,,,,,,,,,
6,149,14,13.6%,13.9%,10.8%,16,16,7,,,,,,,,,,
6,149,15,22.0%,20.9%,13.8%,26,24,9,,,,,,,,,,
6,149,16,26.3%,18.3%,26.2%,31,21,17,,,,,,,,,,
6,149,17,26.3%,32.2%,29.2%,31,37,19,,,,,,,,,,
6,149,18-20,1.7%,0.9%,3.1%,2,1,2,,,,,,,,,,
6,149,Missing,0.0%,0.9%,0.0%,0,1,0,,,,,,,,,,
6,149,Total Cases,100.0%,100.0%,100.0%,118,115,65,,,,,,,,,,
6,181,8-12,15.4%,45.5%,50.0%,2,5,1,,,,,,,,,,
6,181,13,7.7%,0.0%,0.0%,1,0,0,,,,,,,,,,
6,181,14,38.5%,0.0%,0.0%,5,0,0,,,,,,,,,,
6,181,15,7.7%,9.1%,0.0%,1,1,0,,,,,,,,,,
6,181,16,7.7%,18.2%,50.0%,1,2,1,,,,,,,,,,
6,181,17,23.1%,27.3%,0.0%,3,3,0,,,,,,,,,,
6,181,18-20,0.0%,0.0%,0.0%,0,0,0,,,,,,,,,,
6,181,Missing,0.0%,0.0%,0.0%,0,0,0,,,,,,,,,,
6,181,Total Cases,100.0%,100.0%,100.0%,13,11,2,,,,,,,,,,
6,183,8-12,12.1%,11.1%,0.0%,4,4,0,,,,,,,,,,
6,183,13,3.0%,2.8%,0.0%,1,1,0,,,,,,,,,,
6,183,14,15.2%,33.3%,5.0%,5,12,1,,,,,,,,,,
6,183,15,15.2%,13.9%,15.0%,5,5,3,,,,,,,,,,
6,183,16,24.2%,13.9%,25.0%,8,5,5,,,,,,,,,,
6,183,17,27.3%,16.7%,40.0%,9,6,8,,,,,,,,,,
6,183,18-20,3.0%,8.3%,5.0%,1,3,1,,,,,,,,,,
6,183,Missing,0.0%,0.0%,10.0%,0,0,2,,,,,,,,,,
6,183,Total Cases,100.0%,100.0%,100.0%,33,36,20,,,,,,,,,,
6,595,8-12,6.7%,3.4%,3.6%,5,2,2,,,,,,,,,,
6,595,13,6.7%,5.2%,12.7%,5,3,7,,,,,,,,,,
6,595,14,20.0%,10.3%,16.4%,15,6,9,,,,,,,,,,
6,595,15,25.3%,27.6%,18.2%,19,16,10,,,,,,,,,,
6,595,16,16.0%,24.1%,12.7%,12,14,7,,,,,,,,,,
6,595,17,21.3%,27.6%,34.5%,16,16,19,,,,,,,,,,
6,595,18-20,4.0%,0.0%,1.8%,3,0,1,,,,,,,,,,
6,595,Missing,0.0%,1.7%,0.0%,0,1,0,,,,,,,,,,
6,595,Total Cases,100.0%,100.0%,100.0%,75,58,55,,,,,,,,,,
6,670,8-12,5.9%,11.0%,15.8%,14,26,32,,,,,,,,,,
6,670,13,15.6%,6.8%,8.9%,37,16,18,,,,,,,,,,
6,670,14,16.5%,18.6%,12.9%,39,44,26,,,,,,,,,,
6,670,15,16.5%,23.3%,16.8%,39,55,34,,,,,,,,,,
6,670,16,24.1%,17.4%,18.8%,57,41,38,,,,,,,,,,
6,670,17,20.3%,22.0%,26.2%,48,52,53,,,,,,,,,,
6,670,18-20,1.3%,0.8%,0.5%,3,2,1,,,,,,,,,,
6,670,Missing,0.0%,0.0%,0.0%,0,0,0,,,,,,,,,,
6,670,Total Cases,100.0%,100.0%,100.0%,237,236,202,,,,,,,,,,
7,700,8-12,8.6%,8.2%,7.7%,125,108,95,,,,,,,,,,
7,700,13,7.0%,9.7%,8.0%,102,129,99,,,,,,,,,,
7,700,14,12.5%,12.0%,12.2%,182,159,150,,,,,,,,,,
7,700,15,17.5%,14.5%,17.6%,255,192,217,,,,,,,,,,
7,700,16,21.5%,21.5%,20.8%,313,284,256,,,,,,,,,,
7,700,17,28.1%,30.3%,28.0%,409,401,345,,,,,,,,,,
7,700,18-20,3.0%,3.2%,5.0%,44,42,62,,,,,,,,,,
7,700,Missing,1.7%,0.7%,0.7%,25,9,9,,,,,,,,,,
7,700,Total Cases,100.0%,100.0%,100.0%,"1,455","1,324","1,233",,,,,,,,,,
8,650,8-12,9.1%,9.4%,7.2%,95,87,45,,,,,,,,,,
8,650,13,8.0%,7.5%,10.4%,83,69,65,,,,,,,,,,
8,650,14,9.6%,14.3%,14.8%,100,132,93,,,,,,,,,,
8,650,15,19.6%,19.1%,20.5%,204,176,129,,,,,,,,,,
8,650,16,25.8%,19.3%,21.2%,268,178,133,,,,,,,,,,
8,650,17,23.8%,23.0%,20.7%,247,212,130,,,,,,,,,,
8,650,18-20,2.4%,3.1%,2.2%,25,29,14,,,,,,,,,,
8,650,Missing,1.7%,4.2%,3.0%,18,39,19,,,,,,,,,,
8,650,Total Cases,100.0%,100.0%,100.0%,"1,040",922,628,,,,,,,,,,
9,036,8-12,8.3%,40.0%,9.1%,1,2,1,,,,,,,,,,
9,036,13,8.3%,0.0%,0.0%,1,0,0,,,,,,,,,,
9,036,14,25.0%,20.0%,9.1%,3,1,1,,,,,,,,,,
9,036,15,25.0%,0.0%,9.1%,3,0,1,,,,,,,,,,
9,036,16,8.3%,20.0%,45.5%,1,1,5,,,,,,,,,,
9,036,17,25.0%,20.0%,18.2%,3,1,2,,,,,,,,,,
9,036,18-20,0.0%,0.0%,9.1%,0,0,1,,,,,,,,,,
9,036,Missing,0.0%,0.0%,0.0%,0,0,0,,,,,,,,,,
9,036,Total Cases,100.0%,100.0%,100.0%,12,5,11,,,,,,,,,,
9,073,8-12,12.4%,5.1%,4.0%,19,4,4,,,,,,,,,,
9,073,13,5.9%,1.3%,6.0%,9,1,6,,,,,,,,,,
9,073,14,17.0%,16.5%,17.0%,26,13,17,,,,,,,,,,
9,073,15,15.7%,12.7%,13.0%,24,10,13,,,,,,,,,,
9,073,16,20.3%,30.4%,25.0%,31,24,25,,,,,,,,,,
9,073,17,28.1%,29.1%,34.0%,43,23,34,,,,,,,,,,
9,073,18-20,0.7%,2.5%,1.0%,1,2,1,,,,,,,,,,
9,073,Missing,0.0%,2.5%,0.0%,0,2,0,,,,,,,,,,
9,073,Total Cases,100.0%,100.0%,100.0%,153,79,100,,,,,,,,,,
9,095,8-12,9.5%,10.3%,8.0%,23,30,19,,,,,,,,,,
9,095,13,4.9%,7.9%,7.1%,12,23,17,,,,,,,,,,
9,095,14,11.1%,11.3%,8.0%,27,33,19,,,,,,,,,,
9,095,15,18.5%,16.1%,17.6%,45,47,42,,,,,,,,,,
9,095,16,21.4%,21.2%,25.2%,52,62,60,,,,,,,,,,
9,095,17,30.5%,29.5%,29.8%,74,86,71,,,,,,,,,,
9,095,18-20,2.9%,2.7%,2.1%,7,8,5,,,,,,,,,,
9,095,Missing,1.2%,1.0%,2.1%,3,3,5,,,,,,,,,,
9,095,Total Cases,100.0%,100.0%,100.0%,243,292,238,,,,,,,,,,
9,097,8-12,3.7%,7.1%,5.6%,1,1,1,,,,,,,,,,
9,097,13,0.0%,0.0%,44.4%,0,0,8,,,,,,,,,,
9,097,14,22.2%,7.1%,0.0%,6,1,0,,,,,,,,,,
9,097,15,11.1%,7.1%,5.6%,3,1,1,,,,,,,,,,
9,097,16,25.9%,28.6%,22.2%,7,4,4,,,,,,,,,,
9,097,17,37.0%,42.9%,22.2%,10,6,4,,,,,,,,,,
9,097,18-20,0.0%,0.0%,0.0%,0,0,0,,,,,,,,,,
9,097,Missing,0.0%,7.1%,0.0%,0,1,0,,,,,,,,,,
9,097,Total Cases,100.0%,100.0%,100.0%,27,14,18,,,,,,,,,,
9,101,8-12,1.7%,12.8%,8.1%,1,6,3,,,,,,,,,,
9,101,13,0.0%,10.6%,8.1%,0,5,3,,,,,,,,,,
9,101,14,15.3%,14.9%,24.3%,9,7,9,,,,,,,,,,
9,101,15,25.4%,23.4%,10.8%,15,11,4,,,,,,,,,,
9,101,16,20.3%,12.8%,21.6%,12,6,8,,,,,,,,,,
9,101,17,30.5%,23.4%,27.0%,18,11,10,,,,,,,,,,
9,101,18-20,5.1%,2.1%,0.0%,3,1,0,,,,,,,,,,
9,101,Missing,1.7%,0.0%,0.0%,1,0,0,,,,,,,,,,
9,101,Total Cases,100.0%,100.0%,100.0%,59,47,37,,,,,,,,,,
9,115,8-12,2.9%,6.1%,6.3%,2,3,1,,,,,,,,,,
9,115,13,0.0%,0.0%,6.3%,0,0,1,,,,,,,,,,
9,115,14,10.0%,22.4%,18.8%,7,11,3,,,,,,,,,,
9,115,15,20.0%,18.4%,43.8%,14,9,7,,,,,,,,,,
9,115,16,34.3%,22.4%,6.3%,24,11,1,,,,,,,,,,
9,115,17,28.6%,24.5%,18.8%,20,12,3,,,,,,,,,,
9,115,18-20,4.3%,0.0%,0.0%,3,0,0,,,,,,,,,,
9,115,Missing,0.0%,6.1%,0.0%,0,3,0,,,,,,,,,,
9,115,Total Cases,100.0%,100.0%,100.0%,70,49,16,,,,,,,,,,
9,119,8-12,10.7%,17.1%,7.7%,6,7,1,,,,,,,,,,
9,119,13,3.6%,7.3%,0.0%,2,3,0,,,,,,,,,,
9,119,14,25.0%,4.9%,7.7%,14,2,1,,,,,,,,,,
9,119,15,19.6%,7.3%,23.1%,11,3,3,,,,,,,,,,
9,119,16,19.6%,31.7%,53.8%,11,13,7,,,,,,,,,,
9,119,17,19.6%,31.7%,7.7%,11,13,1,,,,,,,,,,
9,119,18-20,1.8%,0.0%,0.0%,1,0,0,,,,,,,,,,
9,119,Missing,0.0%,0.0%,0.0%,0,0,0,,,,,,,,,,
9,119,Total Cases,100.0%,100.0%,100.0%,56,41,13,,,,,,,,,,
9,127,8-12,5.1%,4.7%,0.7%,4,5,1,,,,,,,,,,
9,127,13,1.3%,3.8%,6.5%,1,4,9,,,,,,,,,,
9,127,14,12.8%,14.2%,9.4%,10,15,13,,,,,,,,,,
9,127,15,14.1%,17.0%,17.3%,11,18,24,,,,,,,,,,
9,127,16,24.4%,25.5%,25.9%,19,27,36,,,,,,,,,,
9,127,17,37.2%,32.1%,36.0%,29,34,50,,,,,,,,,,
9,127,18-20,5.1%,1.9%,2.9%,4,2,4,,,,,,,,,,
9,127,Missing,0.0%,0.9%,1.4%,0,1,2,,,,,,,,,,
9,127,Total Cases,100.0%,100.0%,100.0%,78,106,139,,,,,,,,,,
9,199,8-12,6.7%,6.6%,3.2%,14,11,5,,,,,,,,,,
9,199,13,8.1%,4.8%,3.9%,17,8,6,,,,,,,,,,
9,199,14,12.9%,9.6%,12.9%,27,16,20,,,,,,,,,,
9,199,15,20.1%,16.8%,13.5%,42,28,21,,,,,,,,,,
9,199,16,19.1%,25.1%,26.5%,40,42,41,,,,,,,,,,
9,199,17,28.2%,34.7%,35.5%,59,58,55,,,,,,,,,,
9,199,18-20,4.3%,2.4%,4.5%,9,4,7,,,,,,,,,,
9,199,Missing,0.5%,0.0%,0.0%,1,0,0,,,,,,,,,,
9,199,Total Cases,100.0%,100.0%,100.0%,209,167,155,,,,,,,,,,
9,735,8-12,9.3%,0.0%,0.0%,5,0,0,,,,,,,,,,
9,735,13,5.6%,1.9%,0.0%,3,1,0,,,,,,,,,,
9,735,14,18.5%,14.8%,22.2%,10,8,4,,,,,,,,,,
9,735,15,9.3%,29.6%,16.7%,5,16,3,,,,,,,,,,
9,735,16,27.8%,25.9%,22.2%,15,14,4,,,,,,,,,,
9,735,17,25.9%,25.9%,38.9%,14,14,7,,,,,,,,,,
9,735,18-20,3.7%,1.9%,0.0%,2,1,0,,,,,,,,,,
9,735,Missing,0.0%,0.0%,0.0%,0,0,0,,,,,,,,,,
9,735,Total Cases,100.0%,100.0%,100.0%,54,54,18,,,,,,,,,,
9,830,8-12,11.1%,19.1%,15.4%,7,9,4,,,,,,,,,,
9,830,13,15.9%,10.6%,0.0%,10,5,0,,,,,,,,,,
9,830,14,15.9%,14.9%,3.8%,10,7,1,,,,,,,,,,
9,830,15,4.8%,8.5%,11.5%,3,4,3,,,,,,,,,,
9,830,16,9.5%,17.0%,23.1%,6,8,6,,,,,,,,,,
9,830,17,34.9%,21.3%,38.5%,22,10,10,,,,,,,,,,
9,830,18-20,6.3%,4.3%,7.7%,4,2,2,,,,,,,,,,
9,830,Missing,1.6%,4.3%,0.0%,1,2,0,,,,,,,,,,
9,830,Total Cases,100.0%,100.0%,100.0%,63,47,26,,,,,,,,,,
10,011,8-12,16.2%,16.5%,6.3%,23,17,4,,,,,,,,,,
10,011,13,10.6%,13.6%,6.3%,15,14,4,,,,,,,,,,
10,011,14,9.2%,14.6%,9.4%,13,15,6,,,,,,,,,,
10,011,15,16.2%,6.8%,32.8%,23,7,21,,,,,,,,,,
10,011,16,16.9%,13.6%,10.9%,24,14,7,,,,,,,,,,
10,011,17,23.2%,25.2%,26.6%,33,26,17,,,,,,,,,,
10,011,18-20,0.0%,1.0%,1.6%,0,1,1,,,,,,,,,,
10,011,Missing,7.7%,8.7%,6.3%,11,9,4,,,,,,,,,,
10,011,Total Cases,100.0%,100.0%,100.0%,142,103,64,,,,,,,,,,
10,029,8-12,25.8%,15.6%,8.6%,16,10,3,,,,,,,,,,
10,029,13,12.9%,7.8%,5.7%,8,5,2,,,,,,,,,,
10,029,14,6.5%,3.1%,2.9%,4,2,1,,,,,,,,,,
10,029,15,19.4%,14.1%,22.9%,12,9,8,,,,,,,,,,
10,029,16,24.2%,31.3%,20.0%,15,20,7,,,,,,,,,,
10,029,17,9.7%,17.2%,34.3%,6,11,12,,,,,,,,,,
10,029,18-20,1.6%,4.7%,0.0%,1,3,0,,,,,,,,,,
10,029,Missing,0.0%,6.3%,5.7%,0,4,2,,,,,,,,,,
10,029,Total Cases,100.0%,100.0%,100.0%,62,64,35,,,,,,,,,,
10,037,8-12,10.3%,13.9%,5.9%,4,5,1,,,,,,,,,,
10,037,13,0.0%,5.6%,0.0%,0,2,0,,,,,,,,,,
10,037,14,2.6%,11.1%,17.6%,1,4,3,,,,,,,,,,
10,037,15,28.2%,13.9%,5.9%,11,5,1,,,,,,,,,,
10,037,16,17.9%,27.8%,11.8%,7,10,2,,,,,,,,,,
10,037,17,41.0%,27.8%,52.9%,16,10,9,,,,,,,,,,
10,037,18-20,0.0%,0.0%,5.9%,0,0,1,,,,,,,,,,
10,037,Missing,0.0%,0.0%,0.0%,0,0,0,,,,,,,,,,
10,037,Total Cases,100.0%,100.0%,100.0%,39,36,17,,,,,,,,,,
10,049,8-12,17.6%,5.0%,12.0%,6,1,3,,,,,,,,,,
10,049,13,5.9%,0.0%,4.0%,2,0,1,,,,,,,,,,
10,049,14,0.0%,10.0%,0.0%,0,2,0,,,,,,,,,,
10,049,15,8.8%,5.0%,12.0%,3,1,3,,,,,,,,,,
10,049,16,29.4%,30.0%,48.0%,10,6,12,,,,,,,,,,
10,049,17,32.4%,50.0%,20.0%,11,10,5,,,,,,,,,,
10,049,18-20,2.9%,0.0%,4.0%,1,0,1,,,,,,,,,,
10,049,Missing,2.9%,0.0%,0.0%,1,0,0,,,,,,,,,,
10,049,Total Cases,100.0%,100.0%,100.0%,34,20,25,,,,,,,,,,
10,083,8-12,7.1%,4.9%,0.0%,12,6,0,,,,,,,,,,
10,083,13,4.1%,5.7%,12.1%,7,7,18,,,,,,,,,,
10,083,14,12.4%,14.6%,10.1%,21,18,15,,,,,,,,,,
10,083,15,18.9%,22.8%,15.4%,32,28,23,,,,,,,,,,
10,083,16,26.0%,30.9%,29.5%,44,38,44,,,,,,,,,,
10,083,17,24.9%,21.1%,30.2%,42,26,45,,,,,,,,,,
10,083,18-20,5.3%,0.0%,2.7%,9,0,4,,,,,,,,,,
10,083,Missing,1.2%,0.0%,0.0%,2,0,0,,,,,,,,,,
10,083,Total Cases,100.0%,100.0%,100.0%,169,123,149,,,,,,,,,,
10,111,8-12,13.5%,10.2%,14.6%,10,11,13,,,,,,,,,,
10,111,13,10.8%,9.3%,12.4%,8,10,11,,,,,,,,,,
10,111,14,23.0%,13.9%,12.4%,17,15,11,,,,,,,,,,
10,111,15,9.5%,20.4%,10.1%,7,22,9,,,,,,,,,,
10,111,16,27.0%,20.4%,22.5%,20,22,20,,,,,,,,,,
10,111,17,10.8%,22.2%,27.0%,8,24,24,,,,,,,,,,
10,111,18-20,1.4%,0.9%,1.1%,1,1,1,,,,,,,,,,
10,111,Missing,4.1%,2.8%,0.0%,3,3,0,,,,,,,,,,
10,111,Total Cases,100.0%,100.0%,100.0%,74,108,89,,,,,,,,,,
10,117,8-12,6.1%,6.8%,1.1%,6,10,1,,,,,,,,,,
10,117,13,12.2%,8.2%,5.6%,12,12,5,,,,,,,,,,
10,117,14,7.1%,18.5%,10.1%,7,27,9,,,,,,,,,,
10,117,15,23.5%,17.8%,15.7%,23,26,14,,,,,,,,,,
10,117,16,18.4%,19.9%,20.2%,18,29,18,,,,,,,,,,
10,117,17,29.6%,22.6%,34.8%,29,33,31,,,,,,,,,,
10,117,18-20,3.1%,6.2%,12.4%,3,9,11,,,,,,,,,,
10,117,Missing,0.0%,0.0%,0.0%,0,0,0,,,,,,,,,,
10,117,Total Cases,100.0%,100.0%,100.0%,98,146,89,,,,,,,,,,
10,147,8-12,26.6%,23.7%,12.5%,33,18,6,,,,,,,,,,
10,147,13,4.0%,3.9%,10.4%,5,3,5,,,,,,,,,,
10,147,14,3.2%,14.5%,10.4%,4,11,5,,,,,,,,,,
10,147,15,9.7%,10.5%,12.5%,12,8,6,,,,,,,,,,
10,147,16,19.4%,11.8%,20.8%,24,9,10,,,,,,,,,,
10,147,17,21.8%,25.0%,25.0%,27,19,12,,,,,,,,,,
10,147,18-20,4.8%,10.5%,8.3%,6,8,4,,,,,,,,,,
10,147,Missing,10.5%,0.0%,0.0%,13,0,0,,,,,,,,,,
10,147,Total Cases,100.0%,100.0%,100.0%,124,76,48,,,,,,,,,,
11,007,8-12,15.4%,6.8%,17.9%,6,3,5,,,,,,,,,,
11,007,13,7.7%,4.5%,14.3%,3,2,4,,,,,,,,,,
11,007,14,15.4%,18.2%,0.0%,6,8,0,,,,,,,,,,
11,007,15,12.8%,20.5%,3.6%,5,9,1,,,,,,,,,,
11,007,16,23.1%,22.7%,17.9%,9,10,5,,,,,,,,,,
11,007,17,25.6%,22.7%,42.9%,10,10,12,,,,,,,,,,
11,007,18-20,0.0%,2.3%,0.0%,0,1,0,,,,,,,,,,
11,007,Missing,0.0%,2.3%,3.6%,0,1,1,,,,,,,,,,
11,007,Total Cases,100.0%,100.0%,100.0%,39,44,28,,,,,,,,,,
11,053,8-12,2.3%,11.6%,7.1%,2,10,4,,,,,,,,,,
11,053,13,3.4%,11.6%,16.1%,3,10,9,,,,,,,,,,
11,053,14,18.4%,14.0%,10.7%,16,12,6,,,,,,,,,,
11,053,15,18.4%,23.3%,16.1%,16,20,9,,,,,,,,,,
11,053,16,23.0%,20.9%,19.6%,20,18,11,,,,,,,,,,
11,053,17,32.2%,18.6%,28.6%,28,16,16,,,,,,,,,,
11,053,18-20,2.3%,0.0%,1.8%,2,0,1,,,,,,,,,,
11,053,Missing,0.0%,0.0%,0.0%,0,0,0,,,,,,,,,,
11,053,Total Cases,100.0%,100.0%,100.0%,87,86,56,,,,,,,,,,
11,135,8-12,7.7%,10.2%,7.9%,6,6,3,,,,,,,,,,
11,135,13,7.7%,5.1%,10.5%,6,3,4,,,,,,,,,,
11,135,14,15.4%,13.6%,5.3%,12,8,2,,,,,,,,,,
11,135,15,24.4%,28.8%,15.8%,19,17,6,,,,,,,,,,
11,135,16,19.2%,18.6%,13.2%,15,11,5,,,,,,,,,,
11,135,17,23.1%,18.6%,42.1%,18,11,16,,,,,,,,,,
11,135,18-20,1.3%,3.4%,2.6%,1,2,1,,,,,,,,,,
11,135,Missing,1.3%,1.7%,2.6%,1,1,1,,,,,,,,,,
11,135,Total Cases,100.0%,100.0%,100.0%,78,59,38,,,,,,,,,,
11,145,8-12,2.5%,8.0%,10.0%,2,4,6,,,,,,,,,,
11,145,13,8.6%,18.0%,18.3%,7,9,11,,,,,,,,,,
11,145,14,17.3%,4.0%,3.3%,14,2,2,,,,,,,,,,
11,145,15,22.2%,22.0%,16.7%,18,11,10,,,,,,,,,,
11,145,16,13.6%,24.0%,23.3%,11,12,14,,,,,,,,,,
11,145,17,32.1%,18.0%,23.3%,26,9,14,,,,,,,,,,
11,145,18-20,0.0%,6.0%,3.3%,0,3,2,,,,,,,,,,
11,145,Missing,3.7%,0.0%,1.7%,3,0,1,,,,,,,,,,
11,145,Total Cases,100.0%,100.0%,100.0%,81,50,60,,,,,,,,,,
11,730,8-12,2.5%,4.9%,3.6%,13,22,12,,,,,,,,,,
11,730,13,3.6%,6.9%,6.0%,19,31,20,,,,,,,,,,
11,730,14,18.3%,16.7%,17.8%,96,75,59,,,,,,,,,,
11,730,15,22.2%,21.2%,20.5%,117,95,68,,,,,,,,,,
11,730,16,26.6%,24.7%,22.7%,140,111,75,,,,,,,,,,
11,730,17,24.5%,23.4%,28.1%,129,105,93,,,,,,,,,,
11,730,18-20,2.3%,2.2%,0.6%,12,10,2,,,,,,,,,,
11,730,Missing,0.0%,0.0%,0.6%,0,0,2,,,,,,,,,,
11,730,Total Cases,100.0%,100.0%,100.0%,526,449,331,,,,,,,,,,
12,041,8-12,6.0%,8.1%,6.0%,118,137,86,,,,,,,,,,
12,041,13,9.1%,7.0%,7.0%,179,118,100,,,,,,,,,,
12,041,14,12.8%,13.0%,12.2%,251,219,174,,,,,,,,,,
12,041,15,20.5%,19.6%,21.3%,402,330,303,,,,,,,,,,
12,041,16,21.1%,23.6%,23.5%,414,398,335,,,,,,,,,,
12,041,17,27.0%,24.5%,27.3%,530,412,388,,,,,,,,,,
12,041,18-20,3.3%,3.7%,2.3%,64,63,33,,,,,,,,,,
12,041,Missing,0.2%,0.4%,0.3%,4,7,4,,,,,,,,,,
12,041,Total Cases,100.0%,100.0%,100.0%,"1,962","1,684","1,423",,,,,,,,,,
12,570,8-12,8.7%,11.6%,5.3%,18,26,11,,,,,,,,,,
12,570,13,14.0%,8.9%,8.2%,29,20,17,,,,,,,,,,
12,570,14,8.2%,8.4%,14.4%,17,19,30,,,,,,,,,,
12,570,15,12.1%,20.4%,17.3%,25,46,36,,,,,,,,,,
12,570,16,24.6%,16.4%,23.1%,51,37,48,,,,,,,,,,
12,570,17,29.0%,31.1%,29.3%,60,70,61,,,,,,,,,,
12,570,18-20,2.9%,1.3%,1.4%,6,3,3,,,,,,,,,,
12,570,Missing,0.5%,1.8%,1.0%,1,4,2,,,,,,,,,,
12,570,Total Cases,100.0%,100.0%,100.0%,207,225,208,,,,,,,,,,
13,760,8-12,5.4%,6.3%,7.8%,58,68,62,,,,,,,,,,
13,760,13,9.8%,11.5%,6.9%,105,123,55,,,,,,,,,,
13,760,14,16.1%,14.9%,13.0%,172,160,103,,,,,,,,,,
13,760,15,20.2%,21.0%,19.0%,216,226,151,,,,,,,,,,
13,760,16,21.8%,21.1%,23.6%,233,227,188,,,,,,,,,,
13,760,17,24.2%,22.8%,25.7%,258,245,204,,,,,,,,,,
13,760,18-20,2.1%,1.9%,2.4%,22,20,19,,,,,,,,,,
13,760,Missing,0.4%,0.5%,1.6%,4,5,13,,,,,,,,,,
13,760,Total Cases,100.0%,100.0%,100.0%,"1,068","1,074",795,,,,,,,,,,
14,087,8-12,7.3%,3.9%,5.5%,98,51,68,,,,,,,,,,
14,087,13,7.6%,5.6%,5.1%,103,73,63,,,,,,,,,,
14,087,14,13.6%,10.6%,10.0%,184,138,124,,,,,,,,,,
14,087,15,17.7%,17.4%,17.3%,238,227,214,,,,,,,,,,
14,087,16,22.3%,22.9%,25.4%,301,299,314,,,,,,,,,,
14,087,17,28.2%,34.0%,32.3%,380,444,400,,,,,,,,,,
14,087,18-20,3.0%,5.0%,3.8%,40,65,47,,,,,,,,,,
14,087,Missing,0.3%,0.7%,0.6%,4,9,8,,,,,,,,,,
14,087,Total Cases,100.0%,100.0%,100.0%,"1,348","1,306","1,238",,,,,,,,,,
15,033,8-12,16.1%,16.9%,18.7%,20,20,17,,,,,,,,,,
15,033,13,8.9%,14.4%,7.7%,11,17,7,,,,,,,,,,
15,033,14,12.9%,11.9%,3.3%,16,14,3,,,,,,,,,,
15,033,15,14.5%,12.7%,12.1%,18,15,11,,,,,,,,,,
15,033,16,15.3%,27.1%,34.1%,19,32,31,,,,,,,,,,
15,033,17,25.8%,10.2%,19.8%,32,12,18,,,,,,,,,,
15,033,18-20,1.6%,5.1%,2.2%,2,6,2,,,,,,,,,,
15,033,Missing,4.8%,1.7%,2.2%,6,2,2,,,,,,,,,,
15,033,Total Cases,100.0%,100.0%,100.0%,124,118,91,,,,,,,,,,
15,057,8-12,16.1%,19.6%,14.5%,5,11,9,,,,,,,,,,
15,057,13,16.1%,3.6%,3.2%,5,2,2,,,,,,,,,,
15,057,14,16.1%,12.5%,11.3%,5,7,7,,,,,,,,,,
15,057,15,6.5%,7.1%,19.4%,2,4,12,,,,,,,,,,
15,057,16,12.9%,10.7%,19.4%,4,6,12,,,,,,,,,,
15,057,17,22.6%,32.1%,11.3%,7,18,7,,,,,,,,,,
15,057,18-20,0.0%,1.8%,9.7%,0,1,6,,,,,,,,,,
15,057,Missing,9.7%,12.5%,11.3%,3,7,7,,,,,,,,,,
15,057,Total Cases,100.0%,100.0%,100.0%,31,56,62,,,,,,,,,,
15,085,8-12,7.2%,5.8%,7.4%,26,24,23,,,,,,,,,,
15,085,13,4.4%,7.9%,4.8%,16,33,15,,,,,,,,,,
15,085,14,16.0%,9.1%,11.6%,58,38,36,,,,,,,,,,
15,085,15,16.0%,20.9%,21.2%,58,87,66,,,,,,,,,,
15,085,16,22.9%,22.1%,25.4%,83,92,79,,,,,,,,,,
15,085,17,28.9%,29.3%,24.8%,105,122,77,,,,,,,,,,
15,085,18-20,4.4%,4.6%,2.9%,16,19,9,,,,,,,,,,
15,085,Missing,0.3%,0.5%,1.9%,1,2,6,,,,,,,,,,
15,085,Total Cases,100.0%,100.0%,100.0%,363,417,311,,,,,,,,,,
15,099,8-12,9.1%,14.9%,10.8%,11,15,8,,,,,,,,,,
15,099,13,8.3%,14.9%,6.8%,10,15,5,,,,,,,,,,
15,099,14,15.7%,9.9%,9.5%,19,10,7,,,,,,,,,,
15,099,15,18.2%,26.7%,14.9%,22,27,11,,,,,,,,,,
15,099,16,23.1%,10.9%,17.6%,28,11,13,,,,,,,,,,
15,099,17,21.5%,14.9%,21.6%,26,15,16,,,,,,,,,,
15,099,18-20,2.5%,1.0%,4.1%,3,1,3,,,,,,,,,,
15,099,Missing,1.7%,6.9%,14.9%,2,7,11,,,,,,,,,,
15,099,Total Cases,100.0%,100.0%,100.0%,121,101,74,,,,,,,,,,
15,103,8-12,6.8%,30.8%,9.4%,4,16,3,,,,,,,,,,
15,103,13,5.1%,11.5%,9.4%,3,6,3,,,,,,,,,,
15,103,14,8.5%,3.8%,15.6%,5,2,5,,,,,,,,,,
15,103,15,23.7%,11.5%,15.6%,14,6,5,,,,,,,,,,
15,103,16,30.5%,21.2%,12.5%,18,11,4,,,,,,,,,,
15,103,17,18.6%,11.5%,31.3%,11,6,10,,,,,,,,,,
15,103,18-20,3.4%,0.0%,0.0%,2,0,0,,,,,,,,,,
15,103,Missing,3.4%,9.6%,6.3%,2,5,2,,,,,,,,,,
15,103,Total Cases,100.0%,100.0%,100.0%,59,52,32,,,,,,,,,,
15,133,8-12,0.0%,12.8%,12.5%,0,5,5,,,,,,,,,,
15,133,13,11.4%,20.5%,27.5%,5,8,11,,,,,,,,,,
15,133,14,6.8%,2.6%,30.0%,3,1,12,,,,,,,,,,
15,133,15,22.7%,12.8%,10.0%,10,5,4,,,,,,,,,,
15,133,16,31.8%,10.3%,7.5%,14,4,3,,,,,,,,,,
15,133,17,27.3%,30.8%,12.5%,12,12,5,,,,,,,,,,
15,133,18-20,0.0%,5.1%,0.0%,0,2,0,,,,,,,,,,
15,133,Missing,0.0%,5.1%,0.0%,0,2,0,,,,,,,,,,
15,133,Total Cases,100.0%,100.0%,100.0%,44,39,40,,,,,,,,,,
15,159,8-12,11.1%,0.0%,0.0%,2,0,0,,,,,,,,,,
15,159,13,0.0%,0.0%,0.0%,0,0,0,,,,,,,,,,
15,159,14,5.6%,11.1%,0.0%,1,1,0,,,,,,,,,,
15,159,15,22.2%,0.0%,27.3%,4,0,3,,,,,,,,,,
15,159,16,5.6%,11.1%,45.5%,1,1,5,,,,,,,,,,
15,159,17,50.0%,44.4%,27.3%,9,4,3,,,,,,,,,,
15,159,18-20,5.6%,0.0%,0.0%,1,0,0,,,,,,,,,,
15,159,Missing,0.0%,33.3%,0.0%,0,3,0,,,,,,,,,,
15,159,Total Cases,100.0%,100.0%,100.0%,18,9,11,,,,,,,,,,
15,177,8-12,5.5%,9.1%,8.7%,21,36,25,,,,,,,,,,
15,177,13,3.4%,7.6%,7.6%,13,30,22,,,,,,,,,,
15,177,14,11.4%,14.6%,16.3%,44,58,47,,,,,,,,,,
15,177,15,16.4%,17.9%,19.8%,63,71,57,,,,,,,,,,
15,177,16,23.1%,22.4%,26.0%,89,89,75,,,,,,,,,,
15,177,17,31.2%,23.7%,18.1%,120,94,52,,,,,,,,,,
15,177,18-20,5.5%,3.5%,1.4%,21,14,4,,,,,,,,,,
15,177,Missing,3.6%,1.3%,2.1%,14,5,6,,,,,,,,,,
15,177,Total Cases,100.0%,100.0%,100.0%,385,397,288,,,,,,,,,,
15,179,8-12,4.7%,3.8%,7.2%,25,20,37,,,,,,,,,,
15,179,13,8.8%,7.8%,6.0%,47,41,31,,,,,,,,,,
15,179,14,7.7%,14.3%,16.5%,41,75,85,,,,,,,,,,
15,179,15,13.3%,13.7%,19.5%,71,72,100,,,,,,,,,,
15,179,16,24.7%,24.8%,22.0%,132,130,113,,,,,,,,,,
15,179,17,32.1%,27.1%,23.3%,172,142,120,,,,,,,,,,
15,179,18-20,6.7%,6.3%,1.9%,36,33,10,,,,,,,,,,
15,179,Missing,2.1%,2.1%,3.5%,11,11,18,,,,,,,,,,
15,179,Total Cases,100.0%,100.0%,100.0%,535,524,514,,,,,,,,,,
15,193,8-12,14.5%,10.1%,13.1%,9,8,8,,,,,,,,,,
15,193,13,6.5%,3.8%,3.3%,4,3,2,,,,,,,,,,
15,193,14,14.5%,12.7%,9.8%,9,10,6,,,,,,,,,,
15,193,15,22.6%,19.0%,16.4%,14,15,10,,,,,,,,,,
15,193,16,12.9%,21.5%,24.6%,8,17,15,,,,,,,,,,
15,193,17,16.1%,29.1%,29.5%,10,23,18,,,,,,,,,,
15,193,18-20,4.8%,2.5%,0.0%,3,2,0,,,,,,,,,,
15,193,Missing,8.1%,1.3%,3.3%,5,1,2,,,,,,,,,,
15,193,Total Cases,100.0%,100.0%,100.0%,62,79,61,,,,,,,,,,
15,630,8-12,9.8%,9.8%,9.8%,24,26,21,,,,,,,,,,
15,630,13,5.7%,8.3%,10.2%,14,22,22,,,,,,,,,,
15,630,14,9.8%,15.4%,12.1%,24,41,26,,,,,,,,,,
15,630,15,17.6%,12.8%,15.8%,43,34,34,,,,,,,,,,
15,630,16,22.0%,22.9%,24.7%,54,61,53,,,,,,,,,,
15,630,17,30.6%,25.6%,26.5%,75,68,57,,,,,,,,,,
15,630,18-20,0.8%,2.6%,0.5%,2,7,1,,,,,,,,,,
15,630,Missing,3.7%,2.6%,0.5%,9,7,1,,,,,,,,,,
15,630,Total Cases,100.0%,100.0%,100.0%,245,266,215,,,,,,,,,,
16,003,8-12,5.8%,6.8%,12.1%,16,19,26,,,,,,,,,,
16,003,13,7.3%,12.1%,9.8%,20,34,21,,,,,,,,,,
16,003,14,7.6%,10.7%,10.7%,21,30,23,,,,,,,,,,
16,003,15,19.3%,17.9%,22.3%,53,50,48,,,,,,,,,,
16,003,16,20.0%,16.4%,24.2%,55,46,52,,,,,,,,,,
16,003,17,30.5%,33.6%,16.3%,84,94,35,,,,,,,,,,
16,003,18-20,7.6%,2.1%,4.2%,21,6,9,,,,,,,,,,
16,003,Missing,1.8%,0.4%,0.5%,5,1,1,,,,,,,,,,
16,003,Total Cases,100.0%,100.0%,100.0%,275,280,215,,,,,,,,,,
16,047,8-12,7.9%,8.8%,13.8%,27,24,25,,,,,,,,,,
16,047,13,6.2%,9.1%,8.8%,21,25,16,,,,,,,,,,
16,047,14,14.1%,11.7%,13.8%,48,32,25,,,,,,,,,,
16,047,15,14.4%,15.7%,13.8%,49,43,25,,,,,,,,,,
16,047,16,24.4%,21.2%,28.2%,83,58,51,,,,,,,,,,
16,047,17,28.5%,25.9%,17.7%,97,71,32,,,,,,,,,,
16,047,18-20,1.8%,5.8%,3.9%,6,16,7,,,,,,,,,,
16,047,Missing,2.6%,1.8%,0.0%,9,5,0,,,,,,,,,,
16,047,Total Cases,100.0%,100.0%,100.0%,340,274,181,,,,,,,,,,
16,065,8-12,7.0%,19.0%,6.0%,4,8,3,,,,,,,,,,
16,065,13,10.5%,16.7%,8.0%,6,7,4,,,,,,,,,,
16,065,14,22.8%,7.1%,16.0%,13,3,8,,,,,,,,,,
16,065,15,10.5%,9.5%,8.0%,6,4,4,,,,,,,,,,
16,065,16,22.8%,26.2%,30.0%,13,11,15,,,,,,,,,,
16,065,17,19.3%,19.0%,24.0%,11,8,12,,,,,,,,,,
16,065,18-20,3.5%,2.4%,2.0%,2,1,1,,,,,,,,,,
16,065,Missing,3.5%,0.0%,6.0%,2,0,3,,,,,,,,,,
16,065,Total Cases,100.0%,100.0%,100.0%,57,42,50,,,,,,,,,,
16,075,8-12,3.1%,2.2%,2.2%,2,1,1,,,,,,,,,,
16,075,13,1.6%,0.0%,11.1%,1,0,5,,,,,,,,,,
16,075,14,9.4%,6.7%,11.1%,6,3,5,,,,,,,,,,
16,075,15,9.4%,8.9%,20.0%,6,4,9,,,,,,,,,,
16,075,16,23.4%,17.8%,8.9%,15,8,4,,,,,,,,,,
16,075,17,42.2%,48.9%,24.4%,27,22,11,,,,,,,,,,
16,075,18-20,9.4%,11.1%,17.8%,6,5,8,,,,,,,,,,
16,075,Missing,1.6%,4.4%,4.4%,1,2,2,,,,,,,,,,
16,075,Total Cases,100.0%,100.0%,100.0%,64,45,45,,,,,,,,,,
16,079,8-12,7.4%,13.2%,9.1%,7,10,8,,,,,,,,,,
16,079,13,3.2%,14.5%,6.8%,3,11,6,,,,,,,,,,
16,079,14,15.8%,3.9%,17.0%,15,3,15,,,,,,,,,,
16,079,15,4.2%,28.9%,18.2%,4,22,16,,,,,,,,,,
16,079,16,28.4%,11.8%,18.2%,27,9,16,,,,,,,,,,
16,079,17,32.6%,19.7%,25.0%,31,15,22,,,,,,,,,,
16,079,18-20,4.2%,2.6%,3.4%,4,2,3,,,,,,,,,,
16,079,Missing,4.2%,5.3%,2.3%,4,4,2,,,,,,,,,,
16,079,Total Cases,100.0%,100.0%,100.0%,95,76,88,,,,,,,,,,
16,109,8-12,17.7%,10.4%,14.0%,23,20,14,,,,,,,,,,
16,109,13,14.6%,8.3%,11.0%,19,16,11,,,,,,,,,,
16,109,14,13.1%,31.6%,14.0%,17,61,14,,,,,,,,,,
16,109,15,16.2%,16.1%,4.0%,21,31,4,,,,,,,,,,
16,109,16,16.2%,7.8%,26.0%,21,15,26,,,,,,,,,,
16,109,17,16.9%,21.2%,26.0%,22,41,26,,,,,,,,,,
16,109,18-20,3.1%,2.6%,5.0%,4,5,5,,,,,,,,,,
16,109,Missing,2.3%,2.1%,0.0%,3,4,0,,,,,,,,,,
16,109,Total Cases,100.0%,100.0%,100.0%,130,193,100,,,,,,,,,,
16,113,8-12,16.3%,7.0%,0.0%,8,3,0,,,,,,,,,,
16,113,13,2.0%,9.3%,2.4%,1,4,1,,,,,,,,,,
16,113,14,0.0%,14.0%,16.7%,0,6,7,,,,,,,,,,
16,113,15,18.4%,16.3%,14.3%,9,7,6,,,,,,,,,,
16,113,16,24.5%,18.6%,16.7%,12,8,7,,,,,,,,,,
16,113,17,28.6%,25.6%,33.3%,14,11,14,,,,,,,,,,
16,113,18-20,6.1%,4.7%,16.7%,3,2,7,,,,,,,,,,
16,113,Missing,4.1%,4.7%,0.0%,2,2,0,,,,,,,,,,
16,113,Total Cases,100.0%,100.0%,100.0%,49,43,42,,,,,,,,,,
16,137,8-12,14.0%,12.9%,5.1%,20,18,6,,,,,,,,,,
16,137,13,10.5%,10.7%,14.5%,15,15,17,,,,,,,,,,
16,137,14,8.4%,17.9%,12.8%,12,25,15,,,,,,,,,,
16,137,15,11.2%,18.6%,12.0%,16,26,14,,,,,,,,,,
16,137,16,19.6%,15.0%,28.2%,28,21,33,,,,,,,,,,
16,137,17,29.4%,18.6%,23.1%,42,26,27,,,,,,,,,,
16,137,18-20,4.2%,3.6%,3.4%,6,5,4,,,,,,,,,,
16,137,Missing,2.8%,2.9%,0.9%,4,4,1,,,,,,,,,,
16,137,Total Cases,100.0%,100.0%,100.0%,143,140,117,,,,,,,,,,
16,540,8-12,11.5%,16.5%,13.7%,18,22,17,,,,,,,,,,
16,540,13,10.2%,6.8%,13.7%,16,9,17,,,,,,,,,,
16,540,14,5.7%,11.3%,15.3%,9,15,19,,,,,,,,,,
16,540,15,14.6%,22.6%,16.1%,23,30,20,,,,,,,,,,
16,540,16,23.6%,21.8%,20.2%,37,29,25,,,,,,,,,,
16,540,17,23.6%,14.3%,14.5%,37,19,18,,,,,,,,,,
16,540,18-20,8.3%,6.8%,5.6%,13,9,7,,,,,,,,,,
16,540,Missing,2.5%,0.0%,0.8%,4,0,1,,,,,,,,,,
16,540,Total Cases,100.0%,100.0%,100.0%,157,133,124,,,,,,,,,,
17,013,8-12,3.2%,2.3%,2.0%,20,13,9,,,,,,,,,,
17,013,13,5.4%,6.9%,4.4%,34,39,20,,,,,,,,,,
17,013,14,7.7%,10.9%,10.3%,49,62,47,,,,,,,,,,
17,013,15,19.6%,16.7%,20.0%,124,95,91,,,,,,,,,,
17,013,16,24.5%,32.0%,27.5%,155,182,125,,,,,,,,,,
17,013,17,34.4%,26.9%,31.6%,218,153,144,,,,,,,,,,
17,013,18-20,4.9%,3.5%,3.7%,31,20,17,,,,,,,,,,
17,013,Missing,0.3%,0.9%,0.4%,2,5,2,,,,,,,,,,
17,013,Total Cases,100.0%,100.0%,100.0%,633,569,455,,,,,,,,,,
17,610,8-12,4.2%,1.4%,0.0%,2,1,0,,,,,,,,,,
17,610,13,4.2%,5.5%,2.9%,2,4,1,,,,,,,,,,
17,610,14,6.3%,23.3%,20.6%,3,17,7,,,,,,,,,,
17,610,15,10.4%,12.3%,8.8%,5,9,3,,,,,,,,,,
17,610,16,37.5%,24.7%,23.5%,18,18,8,,,,,,,,,,
17,610,17,35.4%,31.5%,41.2%,17,23,14,,,,,,,,,,
17,610,18-20,2.1%,1.4%,2.9%,1,1,1,,,,,,,,,,
17,610,Missing,0.0%,0.0%,0.0%,0,0,0,,,,,,,,,,
17,610,Total Cases,100.0%,100.0%,100.0%,48,73,34,,,,,,,,,,
18,510,8-12,5.1%,6.8%,8.2%,30,33,34,,,,,,,,,,
18,510,13,4.1%,4.6%,7.2%,24,22,30,,,,,,,,,,
18,510,14,9.4%,11.8%,8.9%,55,57,37,,,,,,,,,,
18,510,15,19.3%,20.1%,22.9%,113,97,95,,,,,,,,,,
18,510,16,27.6%,22.8%,24.4%,162,110,101,,,,,,,,,,
18,510,17,30.5%,29.9%,25.8%,179,144,107,,,,,,,,,,
18,510,18-20,2.6%,2.7%,2.2%,15,13,9,,,,,,,,,,
18,510,Missing,1.4%,1.2%,0.2%,8,6,1,,,,,,,,,,
18,510,Total Cases,100.0%,100.0%,100.0%,586,482,414,,,,,,,,,,
19,059,8-12,2.5%,2.6%,3.1%,63,62,70,,,,,,,,,,
19,059,13,4.4%,6.7%,6.1%,111,159,136,,,,,,,,,,
19,059,14,11.3%,12.6%,14.1%,282,301,317,,,,,,,,,,
19,059,15,19.2%,17.4%,20.3%,481,414,455,,,,,,,,,,
19,059,16,26.8%,25.6%,24.6%,671,610,552,,,,,,,,,,
19,059,17,29.6%,28.7%,27.9%,741,685,627,,,,,,,,,,
19,059,18-20,6.1%,6.2%,3.8%,152,148,85,,,,,,,,,,
19,059,Missing,0.2%,0.3%,0.2%,5,6,4,,,,,,,,,,
19,059,Total Cases,100.0%,100.0%,100.0%,"2,506","2,385","2,246",,,,,,,,,,
20L,107,8-12,3.9%,6.2%,3.7%,44,57,34,,,,,,,,,,
20L,107,13,6.9%,9.0%,6.0%,79,83,55,,,,,,,,,,
20L,107,14,9.3%,10.2%,16.9%,106,94,154,,,,,,,,,,
20L,107,15,17.6%,14.8%,21.0%,200,137,192,,,,,,,,,,
20L,107,16,24.0%,24.9%,20.2%,273,231,184,,,,,,,,,,
20L,107,17,33.6%,28.7%,29.2%,382,266,267,,,,,,,,,,
20L,107,18-20,4.1%,5.7%,2.6%,47,53,24,,,,,,,,,,
20L,107,Missing,0.5%,0.5%,0.3%,6,5,3,,,,,,,,,,
20L,107,Total Cases,100.0%,100.0%,100.0%,"1,137",926,913,,,,,,,,,,
20W,061,8-12,7.3%,4.6%,9.1%,12,7,14,,,,,,,,,,
20W,061,13,7.9%,9.2%,12.3%,13,14,19,,,,,,,,,,
20W,061,14,17.0%,11.2%,10.4%,28,17,16,,,,,,,,,,
20W,061,15,16.4%,19.1%,13.6%,27,29,21,,,,,,,,,,
20W,061,16,24.2%,22.4%,29.9%,40,34,46,,,,,,,,,,
20W,061,17,23.0%,30.9%,23.4%,38,47,36,,,,,,,,,,
20W,061,18-20,4.2%,2.6%,0.6%,7,4,1,,,,,,,,,,
20W,061,Missing,0.0%,0.0%,0.6%,0,0,1,,,,,,,,,,
20W,061,Total Cases,100.0%,100.0%,100.0%,165,152,154,,,,,,,,,,
20W,157,8-12,0.0%,3.4%,0.0%,0,1,0,,,,,,,,,,
20W,157,13,0.0%,0.0%,12.0%,0,0,3,,,,,,,,,,
20W,157,14,8.7%,13.8%,12.0%,2,4,3,,,,,,,,,,
20W,157,15,21.7%,24.1%,16.0%,5,7,4,,,,,,,,,,
20W,157,16,13.0%,34.5%,32.0%,3,10,8,,,,,,,,,,
20W,157,17,26.1%,17.2%,28.0%,6,5,7,,,,,,,,,,
20W,157,18-20,30.4%,6.9%,0.0%,7,2,0,,,,,,,,,,
20W,157,Missing,0.0%,0.0%,0.0%,0,0,0,,,,,,,,,,
20W,157,Total Cases,100.0%,100.0%,100.0%,23,29,25,,,,,,,,,,
21,089,8-12,10.8%,22.5%,13.6%,25,55,20,,,,,,,,,,
21,089,13,9.1%,9.4%,12.9%,21,23,19,,,,,,,,,,
21,089,14,14.7%,7.4%,6.8%,34,18,10,,,,,,,,,,
21,089,15,15.2%,17.2%,19.7%,35,42,29,,,,,,,,,,
21,089,16,16.5%,13.9%,14.3%,38,34,21,,,,,,,,,,
21,089,17,29.4%,23.4%,25.2%,68,57,37,,,,,,,,,,
21,089,18-20,3.9%,6.1%,5.4%,9,15,8,,,,,,,,,,
21,089,Missing,0.4%,0.0%,2.0%,1,0,3,,,,,,,,,,
21,089,Total Cases,100.0%,100.0%,100.0%,231,244,147,,,,,,,,,,
21,141,8-12,7.2%,8.6%,3.6%,7,5,1,,,,,,,,,,
21,141,13,7.2%,1.7%,3.6%,7,1,1,,,,,,,,,,
21,141,14,12.4%,5.2%,0.0%,12,3,0,,,,,,,,,,
21,141,15,21.6%,13.8%,10.7%,21,8,3,,,,,,,,,,
21,141,16,15.5%,25.9%,17.9%,15,15,5,,,,,,,,,,
21,141,17,28.9%,36.2%,53.6%,28,21,15,,,,,,,,,,
21,141,18-20,6.2%,6.9%,10.7%,6,4,3,,,,,,,,,,
21,141,Missing,1.0%,1.7%,0.0%,1,1,0,,,,,,,,,,
21,141,Total Cases,100.0%,100.0%,100.0%,97,58,28,,,,,,,,,,
21,690,8-12,18.7%,9.7%,19.1%,44,15,17,,,,,,,,,,
21,690,13,4.3%,5.8%,4.5%,10,9,4,,,,,,,,,,
21,690,14,10.6%,10.4%,11.2%,25,16,10,,,,,,,,,,
21,690,15,13.2%,11.7%,15.7%,31,18,14,,,,,,,,,,
21,690,16,16.6%,17.5%,21.3%,39,27,19,,,,,,,,,,
21,690,17,20.0%,30.5%,27.0%,47,47,24,,,,,,,,,,
21,690,18-20,16.2%,13.0%,0.0%,38,20,0,,,,,,,,,,
21,690,Missing,0.4%,1.3%,1.1%,1,2,1,,,,,,,,,,
21,690,Total Cases,100.0%,100.0%,100.0%,235,154,89,,,,,,,,,,
22,067,8-12,13.0%,13.7%,10.2%,71,62,38,,,,,,,,,,
22,067,13,8.2%,7.7%,12.3%,45,35,46,,,,,,,,,,
22,067,14,10.8%,9.3%,9.1%,59,42,34,,,,,,,,,,
22,067,15,8.4%,15.2%,21.4%,46,69,80,,,,,,,,,,
22,067,16,17.2%,13.5%,20.1%,94,61,75,,,,,,,,,,
22,067,17,32.8%,27.4%,20.9%,179,124,78,,,,,,,,,,
22,067,18-20,7.0%,5.5%,4.0%,38,25,15,,,,,,,,,,
22,067,Missing,2.6%,7.7%,2.1%,14,35,8,,,,,,,,,,
22,067,Total Cases,100.0%,100.0%,100.0%,546,453,374,,,,,,,,,,
22,143,8-12,6.5%,11.3%,9.1%,16,21,26,,,,,,,,,,
22,143,13,4.5%,12.9%,8.7%,11,24,25,,,,,,,,,,
22,143,14,13.8%,14.0%,12.9%,34,26,37,,,,,,,,,,
22,143,15,17.1%,18.8%,18.1%,42,35,52,,,,,,,,,,
22,143,16,24.4%,20.4%,20.9%,60,38,60,,,,,,,,,,
22,143,17,28.0%,18.8%,22.3%,69,35,64,,,,,,,,,,
22,143,18-20,5.7%,2.7%,7.0%,14,5,20,,,,,,,,,,
22,143,Missing,0.0%,1.1%,1.0%,0,2,3,,,,,,,,,,
22,143,Total Cases,100.0%,100.0%,100.0%,246,186,287,,,,,,,,,,
22,590,8-12,8.1%,10.6%,14.5%,37,38,47,,,,,,,,,,
22,590,13,7.3%,4.2%,8.6%,33,15,28,,,,,,,,,,
22,590,14,16.7%,10.9%,6.8%,76,39,22,,,,,,,,,,
22,590,15,15.9%,13.7%,16.9%,72,49,55,,,,,,,,,,
22,590,16,17.8%,27.9%,19.4%,81,100,63,,,,,,,,,,
22,590,17,21.4%,26.5%,26.2%,97,95,85,,,,,,,,,,
22,590,18-20,11.7%,3.6%,7.4%,53,13,24,,,,,,,,,,
22,590,Missing,1.1%,2.5%,0.3%,5,9,1,,,,,,,,,,
22,590,Total Cases,100.0%,100.0%,100.0%,454,358,325,,,,,,,,,,
23,161,8-12,6.2%,4.1%,4.6%,40,25,34,,,,,,,,,,
23,161,13,9.4%,6.6%,4.6%,61,40,34,,,,,,,,,,
23,161,14,11.6%,11.7%,10.7%,75,71,80,,,,,,,,,,
23,161,15,12.1%,14.0%,10.9%,78,85,81,,,,,,,,,,
23,161,16,20.4%,22.8%,20.8%,132,138,155,,,,,,,,,,
23,161,17,36.8%,37.6%,43.2%,238,228,322,,,,,,,,,,
23,161,18-20,2.3%,2.8%,5.2%,15,17,39,,,,,,,,,,
23,161,Missing,1.1%,0.3%,0.1%,7,2,1,,,,,,,,,,
23,161,Total Cases,100.0%,100.0%,100.0%,646,606,746,,,,,,,,,,
23,775,8-12,5.6%,6.7%,5.2%,12,10,9,,,,,,,,,,
23,775,13,5.6%,8.7%,4.0%,12,13,7,,,,,,,,,,
23,775,14,13.5%,10.0%,8.0%,29,15,14,,,,,,,,,,
23,775,15,11.2%,16.0%,19.5%,24,24,34,,,,,,,,,,
23,775,16,25.1%,30.0%,25.3%,54,45,44,,,,,,,,,,
23,775,17,34.9%,26.0%,24.1%,75,39,42,,,,,,,,,,
23,775,18-20,3.3%,2.7%,13.8%,7,4,24,,,,,,,,,,
23,775,Missing,0.9%,0.0%,0.0%,2,0,0,,,,,,,,,,
23,775,Total Cases,100.0%,100.0%,100.0%,215,150,174,,,,,,,,,,
23A,770,8-12,8.3%,9.3%,6.5%,64,69,40,,,,,,,,,,
23A,770,13,8.5%,8.4%,7.6%,65,62,47,,,,,,,,,,
23A,770,14,12.9%,13.0%,13.1%,99,96,81,,,,,,,,,,
23A,770,15,21.2%,17.2%,20.4%,163,127,126,,,,,,,,,,
23A,770,16,23.0%,26.1%,23.3%,177,193,144,,,,,,,,,,
23A,770,17,23.8%,23.8%,27.5%,183,176,170,,,,,,,,,,
23A,770,18-20,2.1%,2.0%,1.1%,16,15,7,,,,,,,,,,
23A,770,Missing,0.1%,0.1%,0.5%,1,1,3,,,,,,,,,,
23A,770,Total Cases,100.0%,100.0%,100.0%,768,739,618,,,,,,,,,,
24,009,8-12,12.6%,8.0%,4.2%,20,10,4,,,,,,,,,,
24,009,13,11.3%,8.0%,9.5%,18,10,9,,,,,,,,,,
24,009,14,4.4%,11.2%,21.1%,7,14,20,,,,,,,,,,
24,009,15,11.3%,18.4%,10.5%,18,23,10,,,,,,,,,,
24,009,16,25.2%,18.4%,24.2%,40,23,23,,,,,,,,,,
24,009,17,20.1%,25.6%,28.4%,32,32,27,,,,,,,,,,
24,009,18-20,3.1%,2.4%,2.1%,5,3,2,,,,,,,,,,
24,009,Missing,11.9%,8.0%,0.0%,19,10,0,,,,,,,,,,
24,009,Total Cases,100.0%,100.0%,100.0%,159,125,95,,,,,,,,,,
24,019,8-12,18.8%,19.1%,12.5%,88,74,37,,,,,,,,,,
24,019,13,9.0%,7.2%,5.4%,42,28,16,,,,,,,,,,
24,019,14,8.5%,12.1%,13.9%,40,47,41,,,,,,,,,,
24,019,15,13.6%,14.2%,14.9%,64,55,44,,,,,,,,,,
24,019,16,18.8%,17.3%,23.3%,88,67,69,,,,,,,,,,
24,019,17,16.2%,16.3%,21.3%,76,63,63,,,,,,,,,,
24,019,18-20,1.1%,1.3%,2.7%,5,5,8,,,,,,,,,,
24,019,Missing,14.1%,12.4%,6.1%,66,48,18,,,,,,,,,,
24,019,Total Cases,100.0%,100.0%,100.0%,469,387,296,,,,,,,,,,
24,031,8-12,11.7%,12.8%,4.1%,16,18,5,,,,,,,,,,
24,031,13,13.1%,8.5%,8.2%,18,12,10,,,,,,,,,,
24,031,14,17.5%,12.8%,6.6%,24,18,8,,,,,,,,,,
24,031,15,22.6%,14.9%,29.5%,31,21,36,,,,,,,,,,
24,031,16,13.9%,14.2%,19.7%,19,20,24,,,,,,,,,,
24,031,17,18.2%,28.4%,27.0%,25,40,33,,,,,,,,,,
24,031,18-20,1.5%,2.1%,4.1%,2,3,5,,,,,,,,,,
24,031,Missing,1.5%,6.4%,0.8%,2,9,1,,,,,,,,,,
24,031,Total Cases,100.0%,100.0%,100.0%,137,141,122,,,,,,,,,,
24,125,8-12,12.2%,11.1%,10.6%,10,9,11,,,,,,,,,,
24,125,13,6.1%,3.7%,7.7%,5,3,8,,,,,,,,,,
24,125,14,9.8%,9.9%,10.6%,8,8,11,,,,,,,,,,
24,125,15,19.5%,18.5%,13.5%,16,15,14,,,,,,,,,,
24,125,16,28.0%,16.0%,18.3%,23,13,19,,,,,,,,,,
24,125,17,20.7%,35.8%,30.8%,17,29,32,,,,,,,,,,
24,125,18-20,3.7%,3.7%,6.7%,3,3,7,,,,,,,,,,
24,125,Missing,0.0%,1.2%,1.9%,0,1,2,,,,,,,,,,
24,125,Total Cases,100.0%,100.0%,100.0%,82,81,104,,,,,,,,,,
24,680,8-12,10.0%,10.7%,9.5%,72,76,58,,,,,,,,,,
24,680,13,7.9%,8.6%,7.5%,57,61,46,,,,,,,,,,
24,680,14,19.3%,16.4%,13.4%,139,117,82,,,,,,,,,,
24,680,15,19.3%,19.6%,23.1%,139,140,141,,,,,,,,,,
24,680,16,16.3%,18.8%,24.1%,117,134,147,,,,,,,,,,
24,680,17,23.9%,23.1%,20.6%,172,165,126,,,,,,,,,,
24,680,18-20,1.4%,1.0%,0.7%,10,7,4,,,,,,,,,,
24,680,Missing,1.8%,1.8%,1.1%,13,13,7,,,,,,,,,,
24,680,Total Cases,100.0%,100.0%,100.0%,719,713,611,,,,,,,,,,
25,005,8-12,21.0%,14.3%,11.4%,25,16,9,,,,,,,,,,
25,005,13,16.0%,15.2%,12.7%,19,17,10,,,,,,,,,,
25,005,14,10.9%,17.0%,16.5%,13,19,13,,,,,,,,,,
25,005,15,19.3%,11.6%,17.7%,23,13,14,,,,,,,,,,
25,005,16,11.8%,16.1%,17.7%,14,18,14,,,,,,,,,,
25,005,17,17.6%,25.0%,21.5%,21,28,17,,,,,,,,,,
25,005,18-20,2.5%,0.9%,2.5%,3,1,2,,,,,,,,,,
25,005,Missing,0.8%,0.0%,0.0%,1,0,0,,,,,,,,,,
25,005,Total Cases,100.0%,100.0%,100.0%,119,112,79,,,,,,,,,,
25,015,8-12,4.8%,7.3%,9.4%,14,18,16,,,,,,,,,,
25,015,13,8.3%,7.8%,7.6%,24,19,13,,,,,,,,,,
25,015,14,11.7%,15.9%,11.8%,34,39,20,,,,,,,,,,
25,015,15,23.1%,18.8%,24.1%,67,46,41,,,,,,,,,,
25,015,16,25.5%,24.1%,18.2%,74,59,31,,,,,,,,,,
25,015,17,24.5%,24.5%,26.5%,71,60,45,,,,,,,,,,
25,015,18-20,2.1%,1.2%,0.6%,6,3,1,,,,,,,,,,
25,015,Missing,0.0%,0.4%,1.8%,0,1,3,,,,,,,,,,
25,015,Total Cases,100.0%,100.0%,100.0%,290,245,170,,,,,,,,,,
25,017,8-12,0.0%,16.7%,10.0%,0,1,1,,,,,,,,,,
25,017,13,0.0%,0.0%,10.0%,0,0,1,,,,,,,,,,
25,017,14,25.0%,0.0%,20.0%,1,0,2,,,,,,,,,,
25,017,15,0.0%,16.7%,10.0%,0,1,1,,,,,,,,,,
25,017,16,25.0%,16.7%,10.0%,1,1,1,,,,,,,,,,
25,017,17,50.0%,33.3%,30.0%,2,2,3,,,,,,,,,,
25,017,18-20,0.0%,16.7%,0.0%,0,1,0,,,,,,,,,,
25,017,Missing,0.0%,0.0%,10.0%,0,0,1,,,,,,,,,,
25,017,Total Cases,100.0%,100.0%,100.0%,4,6,10,,,,,,,,,,
25,023,8-12,4.8%,6.3%,12.6%,6,8,13,,,,,,,,,,
25,023,13,4.8%,4.8%,5.8%,6,6,6,,,,,,,,,,
25,023,14,16.1%,13.5%,12.6%,20,17,13,,,,,,,,,,
25,023,15,12.1%,21.4%,14.6%,15,27,15,,,,,,,,,,
25,023,16,22.6%,23.8%,25.2%,28,30,26,,,,,,,,,,
25,023,17,32.3%,24.6%,21.4%,40,31,22,,,,,,,,,,
25,023,18-20,3.2%,2.4%,6.8%,4,3,7,,,,,,,,,,
25,023,Missing,4.0%,3.2%,1.0%,5,4,1,,,,,,,,,,
25,023,Total Cases,100.0%,100.0%,100.0%,124,126,103,,,,,,,,,,
25,045,8-12,3.7%,19.2%,0.0%,1,5,0,,,,,,,,,,
25,045,13,11.1%,0.0%,19.2%,3,0,5,,,,,,,,,,
25,045,14,22.2%,19.2%,3.8%,6,5,1,,,,,,,,,,
25,045,15,11.1%,15.4%,11.5%,3,4,3,,,,,,,,,,
25,045,16,11.1%,26.9%,34.6%,3,7,9,,,,,,,,,,
25,045,17,33.3%,11.5%,23.1%,9,3,6,,,,,,,,,,
25,045,18-20,3.7%,3.8%,7.7%,1,1,2,,,,,,,,,,
25,045,Missing,3.7%,3.8%,0.0%,1,1,0,,,,,,,,,,
25,045,Total Cases,100.0%,100.0%,100.0%,27,26,26,,,,,,,,,,
25,091,8-12,0.0%,0.0%,0.0%,0,0,0,,,,,,,,,,
25,091,13,20.0%,7.7%,0.0%,1,1,0,,,,,,,,,,
25,091,14,40.0%,23.1%,0.0%,2,3,0,,,,,,,,,,
25,091,15,20.0%,23.1%,0.0%,1,3,0,,,,,,,,,,
25,091,16,0.0%,23.1%,33.3%,0,3,1,,,,,,,,,,
25,091,17,20.0%,23.1%,66.7%,1,3,2,,,,,,,,,,
25,091,18-20,0.0%,0.0%,0.0%,0,0,0,,,,,,,,,,
25,091,Missing,0.0%,0.0%,0.0%,0,0,0,,,,,,,,,,
25,091,Total Cases,100.0%,100.0%,100.0%,5,13,3,,,,,,,,,,
25,163,8-12,8.9%,9.8%,9.9%,12,12,10,,,,,,,,,,
25,163,13,9.6%,12.3%,9.9%,13,15,10,,,,,,,,,,
25,163,14,21.5%,16.4%,12.9%,29,20,13,,,,,,,,,,
25,163,15,14.1%,19.7%,18.8%,19,24,19,,,,,,,,,,
25,163,16,16.3%,18.0%,30.7%,22,22,31,,,,,,,,,,
25,163,17,23.7%,18.9%,9.9%,32,23,10,,,,,,,,,,
25,163,18-20,1.5%,3.3%,5.0%,2,4,5,,,,,,,,,,
25,163,Missing,4.4%,1.6%,3.0%,6,2,3,,,,,,,,,,
25,163,Total Cases,100.0%,100.0%,100.0%,135,122,101,,,,,,,,,,
25,530,8-12,11.0%,18.2%,15.9%,9,12,7,,,,,,,,,,
25,530,13,12.2%,9.1%,2.3%,10,6,1,,,,,,,,,,
25,530,14,18.3%,7.6%,18.2%,15,5,8,,,,,,,,,,
25,530,15,13.4%,22.7%,20.5%,11,15,9,,,,,,,,,,
25,530,16,14.6%,16.7%,15.9%,12,11,7,,,,,,,,,,
25,530,17,17.1%,18.2%,25.0%,14,12,11,,,,,,,,,,
25,530,18-20,2.4%,0.0%,0.0%,2,0,0,,,,,,,,,,
25,530,Missing,11.0%,7.6%,2.3%,9,5,1,,,,,,,,,,
25,530,Total Cases,100.0%,100.0%,100.0%,82,66,44,,,,,,,,,,
25,580,8-12,16.7%,15.7%,6.1%,9,8,2,,,,,,,,,,
25,580,13,13.0%,3.9%,12.1%,7,2,4,,,,,,,,,,
25,580,14,14.8%,13.7%,12.1%,8,7,4,,,,,,,,,,
25,580,15,14.8%,5.9%,39.4%,8,3,13,,,,,,,,,,
25,580,16,18.5%,19.6%,15.2%,10,10,5,,,,,,,,,,
25,580,17,18.5%,35.3%,12.1%,10,18,4,,,,,,,,,,
25,580,18-20,1.9%,2.0%,3.0%,1,1,1,,,,,,,,,,
25,580,Missing,1.9%,3.9%,0.0%,1,2,0,,,,,,,,,,
25,580,Total Cases,100.0%,100.0%,100.0%,54,51,33,,,,,,,,,,
25,678,8-12,11.8%,25.0%,10.0%,2,3,1,,,,,,,,,,
25,678,13,11.8%,8.3%,0.0%,2,1,0,,,,,,,,,,
25,678,14,29.4%,8.3%,0.0%,5,1,0,,,,,,,,,,
25,678,15,11.8%,16.7%,0.0%,2,2,0,,,,,,,,,,
25,678,16,17.6%,25.0%,50.0%,3,3,5,,,,,,,,,,
25,678,17,5.9%,16.7%,30.0%,1,2,3,,,,,,,,,,
25,678,18-20,5.9%,0.0%,0.0%,1,0,0,,,,,,,,,,
25,678,Missing,5.9%,0.0%,10.0%,1,0,1,,,,,,,,,,
25,678,Total Cases,100.0%,100.0%,100.0%,17,12,10,,,,,,,,,,
25,790,8-12,7.4%,3.2%,6.7%,14,5,9,,,,,,,,,,
25,790,13,5.8%,10.4%,7.4%,11,16,10,,,,,,,,,,
25,790,14,15.8%,20.1%,21.5%,30,31,29,,,,,,,,,,
25,790,15,24.2%,22.7%,15.6%,46,35,21,,,,,,,,,,
25,790,16,26.3%,22.7%,27.4%,50,35,37,,,,,,,,,,
25,790,17,18.9%,17.5%,20.0%,36,27,27,,,,,,,,,,
25,790,18-20,1.1%,2.6%,1.5%,2,4,2,,,,,,,,,,
25,790,Missing,0.5%,0.6%,0.0%,1,1,0,,,,,,,,,,
25,790,Total Cases,100.0%,100.0%,100.0%,190,154,135,,,,,,,,,,
25,820,8-12,6.7%,15.3%,11.8%,15,29,10,,,,,,,,,,
25,820,13,4.9%,12.7%,8.2%,11,24,7,,,,,,,,,,
25,820,14,17.0%,12.7%,14.1%,38,24,12,,,,,,,,,,
25,820,15,18.8%,19.6%,22.4%,42,37,19,,,,,,,,,,
25,820,16,21.5%,22.8%,23.5%,48,43,20,,,,,,,,,,
25,820,17,26.5%,14.8%,18.8%,59,28,16,,,,,,,,,,
25,820,18-20,2.2%,1.1%,1.2%,5,2,1,,,,,,,,,,
25,820,Missing,2.2%,1.1%,0.0%,5,2,0,,,,,,,,,,
25,820,Total Cases,100.0%,100.0%,100.0%,223,189,85,,,,,,,,,,
26,043,8-12,5.0%,3.3%,5.3%,1,1,1,,,,,,,,,,
26,043,13,25.0%,3.3%,0.0%,5,1,0,,,,,,,,,,
26,043,14,0.0%,10.0%,0.0%,0,3,0,,,,,,,,,,
26,043,15,20.0%,26.7%,15.8%,4,8,3,,,,,,,,,,
26,043,16,25.0%,23.3%,31.6%,5,7,6,,,,,,,,,,
26,043,17,20.0%,26.7%,31.6%,4,8,6,,,,,,,,,,
26,043,18-20,5.0%,3.3%,15.8%,1,1,3,,,,,,,,,,
26,043,Missing,0.0%,3.3%,0.0%,0,1,0,,,,,,,,,,
26,043,Total Cases,100.0%,100.0%,100.0%,20,30,19,,,,,,,,,,
26,069,8-12,4.9%,6.7%,5.0%,14,20,10,,,,,,,,,,
26,069,13,8.7%,5.7%,4.5%,25,17,9,,,,,,,,,,
26,069,14,10.1%,11.8%,10.4%,29,35,21,,,,,,,,,,
26,069,15,15.0%,14.1%,21.4%,43,42,43,,,,,,,,,,
26,069,16,20.3%,23.6%,19.4%,58,70,39,,,,,,,,,,
26,069,17,37.1%,33.0%,35.3%,106,98,71,,,,,,,,,,
26,069,18-20,3.1%,4.4%,4.0%,9,13,8,,,,,,,,,,
26,069,Missing,0.7%,0.7%,0.0%,2,2,0,,,,,,,,,,
26,069,Total Cases,100.0%,100.0%,100.0%,286,297,201,,,,,,,,,,
26,139,8-12,8.0%,8.1%,5.6%,14,9,6,,,,,,,,,,
26,139,13,12.1%,9.0%,15.7%,21,10,17,,,,,,,,,,
26,139,14,15.5%,14.4%,22.2%,27,16,24,,,,,,,,,,
26,139,15,9.2%,17.1%,22.2%,16,19,24,,,,,,,,,,
26,139,16,27.6%,18.9%,18.5%,48,21,20,,,,,,,,,,
26,139,17,23.6%,28.8%,12.0%,41,32,13,,,,,,,,,,
26,139,18-20,4.0%,3.6%,1.9%,7,4,2,,,,,,,,,,
26,139,Missing,0.0%,0.0%,1.9%,0,0,2,,,,,,,,,,
26,139,Total Cases,100.0%,100.0%,100.0%,174,111,108,,,,,,,,,,
26,165,8-12,6.1%,4.5%,4.9%,19,11,9,,,,,,,,,,
26,165,13,6.1%,10.7%,8.7%,19,26,16,,,,,,,,,,
26,165,14,7.0%,9.9%,8.7%,22,24,16,,,,,,,,,,
26,165,15,19.8%,20.2%,21.2%,62,49,39,,,,,,,,,,
26,165,16,24.0%,21.5%,27.2%,75,52,50,,,,,,,,,,
26,165,17,30.7%,27.7%,27.2%,96,67,50,,,,,,,,,,
26,165,18-20,5.1%,5.0%,2.2%,16,12,4,,,,,,,,,,
26,165,Missing,1.3%,0.4%,0.0%,4,1,0,,,,,,,,,,
26,165,Total Cases,100.0%,100.0%,100.0%,313,242,184,,,,,,,,,,
26,171,8-12,6.9%,11.7%,9.1%,25,45,35,,,,,,,,,,
26,171,13,6.9%,7.8%,12.2%,25,30,47,,,,,,,,,,
26,171,14,13.9%,13.5%,16.1%,50,52,62,,,,,,,,,,
26,171,15,18.9%,17.7%,20.8%,68,68,80,,,,,,,,,,
26,171,16,22.2%,19.8%,19.3%,80,76,74,,,,,,,,,,
26,171,17,25.3%,25.8%,20.6%,91,99,79,,,,,,,,,,
26,171,18-20,1.9%,2.3%,1.3%,7,9,5,,,,,,,,,,
26,171,Missing,3.9%,1.3%,0.5%,14,5,2,,,,,,,,,,
26,171,Total Cases,100.0%,100.0%,100.0%,360,384,384,,,,,,,,,,
26,187,8-12,6.7%,6.4%,10.9%,14,18,18,,,,,,,,,,
26,187,13,11.1%,14.3%,6.7%,23,40,11,,,,,,,,,,
26,187,14,9.1%,22.1%,13.9%,19,62,23,,,,,,,,,,
26,187,15,12.0%,16.1%,21.2%,25,45,35,,,,,,,,,,
26,187,16,21.6%,16.8%,20.0%,45,47,33,,,,,,,,,,
26,187,17,34.6%,20.7%,22.4%,72,58,37,,,,,,,,,,
26,187,18-20,4.3%,2.9%,3.6%,9,8,6,,,,,,,,,,
26,187,Missing,0.5%,0.7%,1.2%,1,2,2,,,,,,,,,,
26,187,Total Cases,100.0%,100.0%,100.0%,208,280,165,,,,,,,,,,
26,660,8-12,4.3%,4.8%,4.6%,9,11,7,,,,,,,,,,
26,660,13,5.7%,4.3%,5.3%,12,10,8,,,,,,,,,,
26,660,14,11.4%,9.5%,11.8%,24,22,18,,,,,,,,,,
26,660,15,16.1%,16.0%,14.5%,34,37,22,,,,,,,,,,
26,660,16,25.6%,25.5%,23.7%,54,59,36,,,,,,,,,,
26,660,17,26.5%,33.3%,30.9%,56,77,47,,,,,,,,,,
26,660,18-20,9.5%,6.5%,9.2%,20,15,14,,,,,,,,,,
26,660,Missing,0.9%,0.0%,0.0%,2,0,0,,,,,,,,,,
26,660,Total Cases,100.0%,100.0%,100.0%,211,231,152,,,,,,,,,,
26,840,8-12,4.7%,3.4%,9.6%,11,7,15,,,,,,,,,,
26,840,13,8.6%,3.4%,10.2%,20,7,16,,,,,,,,,,
26,840,14,15.5%,10.7%,10.2%,36,22,16,,,,,,,,,,
26,840,15,21.6%,18.4%,15.3%,50,38,24,,,,,,,,,,
26,840,16,24.1%,32.0%,22.9%,56,66,36,,,,,,,,,,
26,840,17,22.0%,24.8%,26.8%,51,51,42,,,,,,,,,,
26,840,18-20,3.0%,7.3%,4.5%,7,15,7,,,,,,,,,,
26,840,Missing,0.4%,0.0%,0.6%,1,0,1,,,,,,,,,,
26,840,Total Cases,100.0%,100.0%,100.0%,232,206,157,,,,,,,,,,
27,021,8-12,0.0%,5.6%,5.9%,0,2,1,,,,,,,,,,
27,021,13,0.0%,16.7%,11.8%,0,6,2,,,,,,,,,,
27,021,14,16.7%,8.3%,11.8%,1,3,2,,,,,,,,,,
27,021,15,33.3%,11.1%,5.9%,2,4,1,,,,,,,,,,
27,021,16,50.0%,25.0%,58.8%,3,9,10,,,,,,,,,,
27,021,17,0.0%,33.3%,5.9%,0,12,1,,,,,,,,,,
27,021,18-20,0.0%,0.0%,0.0%,0,0,0,,,,,,,,,,
27,021,Missing,0.0%,0.0%,0.0%,0,0,0,,,,,,,,,,
27,021,Total Cases,100.0%,100.0%,100.0%,6,36,17,,,,,,,,,,
27,035,8-12,7.1%,7.7%,14.9%,12,12,14,,,,,,,,,,
27,035,13,8.9%,5.1%,11.7%,15,8,11,,,,,,,,,,
27,035,14,12.4%,14.1%,5.3%,21,22,5,,,,,,,,,,
27,035,15,17.8%,25.0%,16.0%,30,39,15,,,,,,,,,,
27,035,16,31.4%,22.4%,27.7%,53,35,26,,,,,,,,,,
27,035,17,20.1%,21.8%,22.3%,34,34,21,,,,,,,,,,
27,035,18-20,1.2%,2.6%,0.0%,2,4,0,,,,,,,,,,
27,035,Missing,1.2%,1.3%,2.1%,2,2,2,,,,,,,,,,
27,035,Total Cases,100.0%,100.0%,100.0%,169,156,94,,,,,,,,,,
27,063,8-12,2.2%,8.8%,2.0%,1,5,1,,,,,,,,,,
27,063,13,4.3%,10.5%,3.9%,2,6,2,,,,,,,,,,
27,063,14,13.0%,22.8%,21.6%,6,13,11,,,,,,,,,,
27,063,15,17.4%,14.0%,17.6%,8,8,9,,,,,,,,,,
27,063,16,26.1%,17.5%,39.2%,12,10,20,,,,,,,,,,
27,063,17,34.8%,21.1%,13.7%,16,12,7,,,,,,,,,,
27,063,18-20,2.2%,5.3%,2.0%,1,3,1,,,,,,,,,,
27,063,Missing,0.0%,0.0%,0.0%,0,0,0,,,,,,,,,,
27,063,Total Cases,100.0%,100.0%,100.0%,46,57,51,,,,,,,,,,
27,071,8-12,7.9%,2.6%,12.2%,6,2,5,,,,,,,,,,
27,071,13,5.3%,5.1%,7.3%,4,4,3,,,,,,,,,,
27,071,14,10.5%,9.0%,12.2%,8,7,5,,,,,,,,,,
27,071,15,21.1%,15.4%,12.2%,16,12,5,,,,,,,,,,
27,071,16,25.0%,44.9%,17.1%,19,35,7,,,,,,,,,,
27,071,17,25.0%,19.2%,24.4%,19,15,10,,,,,,,,,,
27,071,18-20,5.3%,2.6%,9.8%,4,2,4,,,,,,,,,,
27,071,Missing,0.0%,1.3%,4.9%,0,1,2,,,,,,,,,,
27,071,Total Cases,100.0%,100.0%,100.0%,76,78,41,,,,,,,,,,
27,077,8-12,7.4%,5.7%,14.7%,6,2,5,,,,,,,,,,
27,077,13,7.4%,17.1%,14.7%,6,6,5,,,,,,,,,,
27,077,14,17.3%,8.6%,20.6%,14,3,7,,,,,,,,,,
27,077,15,19.8%,22.9%,26.5%,16,8,9,,,,,,,,,,
27,077,16,21.0%,22.9%,11.8%,17,8,4,,,,,,,,,,
27,077,17,24.7%,22.9%,8.8%,20,8,3,,,,,,,,,,
27,077,18-20,1.2%,0.0%,2.9%,1,0,1,,,,,,,,,,
27,077,Missing,1.2%,0.0%,0.0%,1,0,0,,,,,,,,,,
27,077,Total Cases,100.0%,100.0%,100.0%,81,35,34,,,,,,,,,,
27,121,8-12,10.0%,6.6%,9.3%,25,17,19,,,,,,,,,,
27,121,13,8.8%,7.8%,14.7%,22,20,30,,,,,,,,,,
27,121,14,14.0%,12.8%,15.7%,35,33,32,,,,,,,,,,
27,121,15,16.0%,17.4%,13.7%,40,45,28,,,,,,,,,,
27,121,16,20.0%,25.6%,21.6%,50,66,44,,,,,,,,,,
27,121,17,29.6%,28.3%,21.1%,74,73,43,,,,,,,,,,
27,121,18-20,1.6%,1.6%,2.0%,4,4,4,,,,,,,,,,
27,121,Missing,0.0%,0.0%,2.0%,0,0,4,,,,,,,,,,
27,121,Total Cases,100.0%,100.0%,100.0%,250,258,204,,,,,,,,,,
27,155,8-12,4.5%,11.1%,13.7%,9,22,21,,,,,,,,,,
27,155,13,7.1%,10.1%,11.8%,14,20,18,,,,,,,,,,
27,155,14,13.1%,18.6%,15.0%,26,37,23,,,,,,,,,,
27,155,15,14.6%,17.1%,19.0%,29,34,29,,,,,,,,,,
27,155,16,24.7%,17.6%,19.6%,49,35,30,,,,,,,,,,
27,155,17,28.3%,23.1%,15.0%,56,46,23,,,,,,,,,,
27,155,18-20,7.6%,2.5%,5.9%,15,5,9,,,,,,,,,,
27,155,Missing,0.0%,0.0%,0.0%,0,0,0,,,,,,,,,,
27,155,Total Cases,100.0%,100.0%,100.0%,198,199,153,,,,,,,,,,
27,197,8-12,6.5%,11.4%,3.1%,14,19,4,,,,,,,,,,
27,197,13,4.6%,6.0%,5.4%,10,10,7,,,,,,,,,,
27,197,14,15.7%,12.7%,20.9%,34,21,27,,,,,,,,,,
27,197,15,11.6%,24.7%,10.1%,25,41,13,,,,,,,,,,
27,197,16,16.2%,20.5%,32.6%,35,34,42,,,,,,,,,,
27,197,17,40.7%,23.5%,25.6%,88,39,33,,,,,,,,,,
27,197,18-20,4.2%,1.2%,1.6%,9,2,2,,,,,,,,,,
27,197,Missing,0.5%,0.0%,0.8%,1,0,1,,,,,,,,,,
27,197,Total Cases,100.0%,100.0%,100.0%,216,166,129,,,,,,,,,,
27,640,8-12,21.1%,20.0%,5.4%,19,14,2,,,,,,,,,,
27,640,13,6.7%,15.7%,18.9%,6,11,7,,,,,,,,,,
27,640,14,7.8%,5.7%,5.4%,7,4,2,,,,,,,,,,
27,640,15,11.1%,8.6%,13.5%,10,6,5,,,,,,,,,,
27,640,16,23.3%,18.6%,13.5%,21,13,5,,,,,,,,,,
27,640,17,21.1%,25.7%,37.8%,19,18,14,,,,,,,,,,
27,640,18-20,7.8%,4.3%,5.4%,7,3,2,,,,,,,,,,
27,640,Missing,1.1%,1.4%,0.0%,1,1,0,,,,,,,,,,
27,640,Total Cases,100.0%,100.0%,100.0%,90,70,37,,,,,,,,,,
27,750,8-12,3.5%,16.7%,3.0%,3,12,1,,,,,,,,,,
27,750,13,5.9%,8.3%,15.2%,5,6,5,,,,,,,,,,
27,750,14,11.8%,9.7%,33.3%,10,7,11,,,,,,,,,,
27,750,15,8.2%,9.7%,15.2%,7,7,5,,,,,,,,,,
27,750,16,24.7%,25.0%,9.1%,21,18,3,,,,,,,,,,
27,750,17,42.4%,26.4%,6.1%,36,19,2,,,,,,,,,,
27,750,18-20,2.4%,4.2%,18.2%,2,3,6,,,,,,,,,,
27,750,Missing,1.2%,0.0%,0.0%,1,0,0,,,,,,,,,,
27,750,Total Cases,100.0%,100.0%,100.0%,85,72,33,,,,,,,,,,
28,173,8-12,4.5%,13.6%,13.7%,7,21,16,,,,,,,,,,
28,173,13,7.7%,10.4%,12.8%,12,16,15,,,,,,,,,,
28,173,14,14.2%,8.4%,5.1%,22,13,6,,,,,,,,,,
28,173,15,27.7%,20.1%,17.1%,43,31,20,,,,,,,,,,
28,173,16,23.9%,20.8%,26.5%,37,32,31,,,,,,,,,,
28,173,17,20.0%,24.7%,23.9%,31,38,28,,,,,,,,,,
28,173,18-20,1.9%,1.9%,0.9%,3,3,1,,,,,,,,,,
28,173,Missing,0.0%,0.0%,0.0%,0,0,0,,,,,,,,,,
28,173,Total Cases,100.0%,100.0%,100.0%,155,154,117,,,,,,,,,,
28,191,8-12,3.1%,5.6%,3.5%,6,8,4,,,,,,,,,,
28,191,13,5.7%,6.3%,9.6%,11,9,11,,,,,,,,,,
28,191,14,10.4%,9.8%,13.0%,20,14,15,,,,,,,,,,
28,191,15,15.6%,25.2%,23.5%,30,36,27,,,,,,,,,,
28,191,16,22.9%,14.7%,20.9%,44,21,24,,,,,,,,,,
28,191,17,37.0%,32.2%,24.3%,71,46,28,,,,,,,,,,
28,191,18-20,4.2%,5.6%,5.2%,8,8,6,,,,,,,,,,
28,191,Missing,1.0%,0.7%,0.0%,2,1,0,,,,,,,,,,
28,191,Total Cases,100.0%,100.0%,100.0%,192,143,115,,,,,,,,,,
28,520,8-12,6.5%,8.6%,1.9%,7,11,2,,,,,,,,,,
28,520,13,4.7%,10.2%,5.7%,5,13,6,,,,,,,,,,
28,520,14,13.1%,14.8%,20.0%,14,19,21,,,,,,,,,,
28,520,15,21.5%,18.8%,17.1%,23,24,18,,,,,,,,,,
28,520,16,21.5%,21.1%,22.9%,23,27,24,,,,,,,,,,
28,520,17,31.8%,21.1%,25.7%,34,27,27,,,,,,,,,,
28,520,18-20,0.9%,4.7%,6.7%,1,6,7,,,,,,,,,,
28,520,Missing,0.0%,0.8%,0.0%,0,1,0,,,,,,,,,,
28,520,Total Cases,100.0%,100.0%,100.0%,107,128,105,,,,,,,,,,
29,027,8-12,7.6%,18.0%,17.3%,9,24,14,,,,,,,,,,
29,027,13,10.1%,9.8%,6.2%,12,13,5,,,,,,,,,,
29,027,14,14.3%,17.3%,12.3%,17,23,10,,,,,,,,,,
29,027,15,20.2%,12.8%,8.6%,24,17,7,,,,,,,,,,
29,027,16,14.3%,16.5%,29.6%,17,22,24,,,,,,,,,,
29,027,17,17.6%,21.1%,18.5%,21,28,15,,,,,,,,,,
29,027,18-20,4.2%,0.8%,3.7%,5,1,3,,,,,,,,,,
29,027,Missing,11.8%,3.8%,3.7%,14,5,3,,,,,,,,,,
29,027,Total Cases,100.0%,100.0%,100.0%,119,133,81,,,,,,,,,,
29,051,8-12,5.9%,20.8%,18.0%,7,21,23,,,,,,,,,,
29,051,13,6.8%,9.9%,10.9%,8,10,14,,,,,,,,,,
29,051,14,18.6%,12.9%,5.5%,22,13,7,,,,,,,,,,
29,051,15,19.5%,9.9%,18.0%,23,10,23,,,,,,,,,,
29,051,16,17.8%,28.7%,24.2%,21,29,31,,,,,,,,,,
29,051,17,25.4%,13.9%,19.5%,30,14,25,,,,,,,,,,
29,051,18-20,0.0%,1.0%,0.0%,0,1,0,,,,,,,,,,
29,051,Missing,5.9%,3.0%,3.9%,7,3,5,,,,,,,,,,
29,051,Total Cases,100.0%,100.0%,100.0%,118,101,128,,,,,,,,,,
29,167,8-12,8.3%,7.6%,11.3%,11,7,11,,,,,,,,,,
29,167,13,8.3%,4.3%,5.2%,11,4,5,,,,,,,,,,
29,167,14,10.6%,10.9%,6.2%,14,10,6,,,,,,,,,,
29,167,15,31.8%,15.2%,20.6%,42,14,20,,,,,,,,,,
29,167,16,13.6%,30.4%,20.6%,18,28,20,,,,,,,,,,
29,167,17,24.2%,23.9%,26.8%,32,22,26,,,,,,,,,,
29,167,18-20,2.3%,5.4%,8.2%,3,5,8,,,,,,,,,,
29,167,Missing,0.8%,2.2%,1.0%,1,2,1,,,,,,,,,,
29,167,Total Cases,100.0%,100.0%,100.0%,132,92,97,,,,,,,,,,
29,185,8-12,14.2%,11.1%,14.3%,34,22,26,,,,,,,,,,
29,185,13,15.4%,8.1%,8.2%,37,16,15,,,,,,,,,,
29,185,14,12.1%,14.1%,13.7%,29,28,25,,,,,,,,,,
29,185,15,18.3%,15.7%,20.9%,44,31,38,,,,,,,,,,
29,185,16,17.5%,29.3%,23.1%,42,58,42,,,,,,,,,,
29,185,17,19.6%,18.7%,18.1%,47,37,33,,,,,,,,,,
29,185,18-20,2.5%,2.5%,0.5%,6,5,1,,,,,,,,,,
29,185,Missing,0.4%,0.5%,1.1%,1,1,2,,,,,,,,,,
29,185,Total Cases,100.0%,100.0%,100.0%,240,198,182,,,,,,,,,,
30,105,8-12,22.4%,18.5%,14.7%,43,37,15,,,,,,,,,,
30,105,13,5.2%,9.5%,9.8%,10,19,10,,,,,,,,,,
30,105,14,12.0%,15.0%,10.8%,23,30,11,,,,,,,,,,
30,105,15,16.1%,15.5%,18.6%,31,31,19,,,,,,,,,,
30,105,16,13.0%,14.0%,18.6%,25,28,19,,,,,,,,,,
30,105,17,15.6%,14.0%,16.7%,30,28,17,,,,,,,,,,
30,105,18-20,0.5%,0.0%,2.9%,1,0,3,,,,,,,,,,
30,105,Missing,15.1%,13.5%,7.8%,29,27,8,,,,,,,,,,
30,105,Total Cases,100.0%,100.0%,100.0%,192,200,102,,,,,,,,,,
30,169,8-12,26.7%,19.4%,7.8%,32,24,6,,,,,,,,,,
30,169,13,6.7%,8.9%,11.7%,8,11,9,,,,,,,,,,
30,169,14,7.5%,11.3%,15.6%,9,14,12,,,,,,,,,,
30,169,15,10.0%,14.5%,19.5%,12,18,15,,,,,,,,,,
30,169,16,10.8%,16.1%,20.8%,13,20,16,,,,,,,,,,
30,169,17,25.8%,25.0%,16.9%,31,31,13,,,,,,,,,,
30,169,18-20,1.7%,1.6%,2.6%,2,2,2,,,,,,,,,,
30,169,Missing,10.8%,3.2%,5.2%,13,4,4,,,,,,,,,,
30,169,Total Cases,100.0%,100.0%,100.0%,120,124,77,,,,,,,,,,
30,195,8-12,12.1%,8.4%,12.1%,33,20,29,,,,,,,,,,
30,195,13,7.7%,4.6%,7.1%,21,11,17,,,,,,,,,,
30,195,14,18.0%,13.4%,10.8%,49,32,26,,,,,,,,,,
30,195,15,18.0%,26.1%,25.8%,49,62,62,,,,,,,,,,
30,195,16,20.6%,21.0%,21.3%,56,50,51,,,,,,,,,,
30,195,17,19.1%,24.4%,18.8%,52,58,45,,,,,,,,,,
30,195,18-20,2.2%,0.4%,2.5%,6,1,6,,,,,,,,,,
30,195,Missing,2.2%,1.7%,1.7%,6,4,4,,,,,,,,,,
30,195,Total Cases,100.0%,100.0%,100.0%,272,238,240,,,,,,,,,,
30,720,8-12,6.5%,13.0%,13.9%,3,6,5,,,,,,,,,,
30,720,13,10.9%,13.0%,8.3%,5,6,3,,,,,,,,,,
30,720,14,15.2%,13.0%,8.3%,7,6,3,,,,,,,,,,
30,720,15,15.2%,10.9%,25.0%,7,5,9,,,,,,,,,,
30,720,16,21.7%,23.9%,22.2%,10,11,8,,,,,,,,,,
30,720,17,30.4%,21.7%,22.2%,14,10,8,,,,,,,,,,
30,720,18-20,0.0%,0.0%,0.0%,0,0,0,,,,,,,,,,
30,720,Missing,0.0%,4.3%,0.0%,0,2,0,,,,,,,,,,
30,720,Total Cases,100.0%,100.0%,100.0%,46,46,36,,,,,,,,,,
31,153,8-12,6.3%,7.6%,6.5%,129,162,118,,,,,,,,,,
31,153,13,9.4%,7.1%,7.1%,191,152,130,,,,,,,,,,
31,153,14,13.5%,12.6%,13.5%,276,268,247,,,,,,,,,,
31,153,15,16.1%,17.3%,16.2%,328,368,296,,,,,,,,,,
31,153,16,23.4%,24.0%,28.2%,477,510,515,,,,,,,,,,
31,153,17,28.7%,28.8%,25.9%,586,613,472,,,,,,,,,,
31,153,18-20,2.1%,2.3%,2.3%,43,50,42,,,,,,,,,,
31,153,Missing,0.5%,0.3%,0.3%,10,6,5,,,,,,,,,,
31,153,Total Cases,100.0%,100.0%,100.0%,"2,040","2,129","1,825",,,,,,,,,,
31,683,8-12,3.6%,5.1%,10.2%,10,17,31,,,,,,,,,,
31,683,13,2.9%,5.7%,11.8%,8,19,36,,,,,,,,,,
31,683,14,7.2%,10.4%,12.8%,20,35,39,,,,,,,,,,
31,683,15,22.7%,18.8%,17.4%,63,63,53,,,,,,,,,,
31,683,16,26.3%,25.9%,22.4%,73,87,68,,,,,,,,,,
31,683,17,35.6%,31.0%,23.7%,99,104,72,,,,,,,,,,
31,683,18-20,1.4%,3.3%,1.6%,4,11,5,,,,,,,,,,
31,683,Missing,0.4%,0.0%,0.0%,1,0,0,,,,,,,,,,
31,683,Total Cases,100.0%,100.0%,100.0%,278,336,304,,,,,,,,,,
31,685,8-12,9.0%,6.6%,11.4%,7,5,10,,,,,,,,,,
31,685,13,15.4%,6.6%,10.2%,12,5,9,,,,,,,,,,
31,685,14,9.0%,10.5%,14.8%,7,8,13,,,,,,,,,,
31,685,15,16.7%,17.1%,22.7%,13,13,20,,,,,,,,,,
31,685,16,21.8%,22.4%,19.3%,17,17,17,,,,,,,,,,
31,685,17,24.4%,31.6%,19.3%,19,24,17,,,,,,,,,,
31,685,18-20,2.6%,2.6%,1.1%,2,2,1,,,,,,,,,,
31,685,Missing,1.3%,2.6%,1.1%,1,2,1,,,,,,,,,,
31,685,Total Cases,100.0%,100.0%,100.0%,78,76,88,,,,,,,,,,
