County,Pillars,Program,Subpopulation,TAYs,Age_range,Qualification,Description,Latitude,Longitude,Office,Source,Website,Available,Apply,Delivery ,Address
Loudoun,Education,Education and Training Voucher Program,Foster Care,Yes ,14-25,Either aged out of foster care or still in foster care," Funds can be applied toward, but not limited to, colleges, universities, community colleges, vocational programs, and one-year training institution",37.53834,-77.43718,Richmond,Virginia Department of Social Services,https://www.dss.virginia.gov/family/fc/etv.cgi,"Loudoun, Fairfax",Online,Online,"801 E Main St, Richmond, VA 23219, USA"
Loudoun,Education,Great Expectations ,Foster Care,Yes ,17-24, Affiliated with the Virginia Foster Care System,"Youth between ages 17-24 who are currently/previously in Virginia foster care system, or adopted from the system at age 13, or a special needs person adopted at the time of receiving high school diploma/GED.  Location: 21200 Campus Drive, Sterling, VA, 20164.",38.84049,-77.11513,Alexandria,Northern Virginia Community College,https://www.nvcc.edu/acp/expectations.html,"Loudoun, Fairfax",Online,Hybrid,"3001 N Beauregard St, Alexandria, VA 22311, USA"
Loudoun,Education,Great Expectations ,Foster Care,Yes ,17-24, Affiliated with the Virginia Foster Care System,"Youth between ages 17-24 who are currently/previously in Virginia foster care system, or adopted from the system at age 13, or a special needs person adopted at the time of receiving high school diploma/GED.  Location: 21200 Campus Drive, Sterling, VA, 20164.",38.84049,-77.11513,Alexandria,Northern Virginia Community College,https://www.nvcc.edu/acp/expectations.html,"Loudoun, Fairfax",Online,Hybrid,"3001 N Beauregard St, Alexandria, VA 22311, USA"
Loudoun,Education,Independent Living Program ,Foster Care,Yes ,14-21,Either aged out of foster care or still in foster care, Assists in developing the skills necessary to make the transition from foster care to independent living; Department of Social Services,37.53834,-77.43718,Richmond,Virginia Department of Social Services,https://www.dss.virginia.gov/family/fc/independent.cgi,"Loudoun, Fairfax",Online,Hybrid,"801 E Main St, Richmond, VA 23219, USA"
Fairfax,Education,Education and Training Voucher Program,Foster Care,Yes ,14-25,Either aged out of foster care or still in foster care," Funds can be applied toward, but not limited to, colleges, universities, community colleges, and one-year training institution",37.53834,-77.43718,Richmond,Virginia Department of Social Services,https://www.dss.virginia.gov/family/fc/etv.cgi,"Loudoun, Fairfax",Online,Online,"801 E Main St, Richmond, VA 23219, USA"
Fairfax,Education,Great Expectations ,Foster Care,Yes ,17-24, Affiliated with the Virginia Foster Care System,"Connecting them to community resources, scholarship opportunities and other support",38.84049,-77.11513,Alexandria,Northern Virginia Community College,https://www.nvcc.edu/acp/expectations.html,"Loudoun, Fairfax",Online,Hybrid,"3001 N Beauregard St, Alexandria, VA 22311, USA"
Fairfax,Education,Independent Living Program ,Foster Care,Yes ,14-21,Either aged out of foster care or still in foster care, Assists in developing the skills necessary to make the transition from foster care to independent living; Department of Social Services,37.53834,-77.43718,Richmond,Virginia Department of Social Services,https://www.dss.virginia.gov/family/fc/independent.cgi,"Loudoun, Fairfax",Online,Hybrid,"801 E Main St, Richmond, VA 23219, USA"
Loudoun,Education,Practical Nursing Program,TAYs,No,18+,Must take TEAS exam prior ,"2-year program; total cost : $6,100",39.03136,-77.52038,Ashburn,Loudoun County Public Schools ,https://www.lcps.org/Page/211221,Loudoun ,Online,In-Person,"21167 Stonewheel Way, Broadlands, VA 20148, USA"
Loudoun,Education,Adult High School,TAYs,No,18+,Designed for individuals who need between one (1) and ten (10) credits to complete their Standard High School Diploma requirements,$300 per course ,39.01501,-77.40099,Ashburn,Loudoun County Public Schools ,https://www.lcps.org/Page/211221,Loudoun ,Online,Online,"400 W Laurel Ave, Sterling, VA 20164, USA"
Loudoun,Education,English Learners,TAYs,No,Any age ,None ,"Given in reading, writing, listening, and speaking;    Classes meet twice a week - 13 week; $170 total ",39.03292086,-77.51851706,Ashburn,Loudoun County Public Schools ,https://www.lcps.org/Page/211221,Loudoun ,Online,Hybrid,"2100 Education Court, Ashburn, VA 20148 "
Loudoun,Education,GED Prep School,TAYs,No,Any age ,None ,Offers preparatory classes provides basic skills instruction to adults whose math and reading skills have been assessed at or below the GED® readiness level; Each session = $180 ,0,0,Online,Loudoun County Public Schools ,https://www.lcps.org/Page/211221,Loudoun ,Online,Online,NA
Loudoun,Employment ,Workforce Innovation and Opportunity Act,TAYs,Yes ,17-24,"Need IDs, past school records, Verification of Foster Care or receiving public assistance",Assists young adults to gain workforce skills such career and leadership development and educational support.,39.11430659,-77.53961718,Leesburg,Rachael Tichacek,https://vcwnorthern.com/youth-programs/,"Loudoun, Fairfax",Online,In-Person,"984 Edwards Ferry Rd NE, Leesburg, VA 20176, USA"
Loudoun,Employment ,Northern Virginia Educating Youth through Employment,TAYs,Yes ,18-24,None on website ,"Summer initiative that recruits, screens and matches youth  with professional opportunities in the private sector and other area businesses",38.91731817,-77.23187056,Vienna,Northern Virginia Community College,https://vcwnorthern.com/eye-programs/,"Loudoun, Fairfax, Allegheny","Loudoun, Fairfax, Allegheny",In-Person,"8300 Boone Blvd, Vienna, VA 22182, USA"
Loudoun,Housing,Housing Choice Voucher Program,Foster Care,No,Any age ,Household must make less than 50% of the Area Median Income (AMI) for the area where the voucher will be used (this is known as the income limit).,must apply and will be placed on waiting list that becomes open,0,0,Online,Loudoun County Department of Family Services,https://www.loudoun.gov/1816/Housing-Choice-Voucher-Program,"Loudoun, Fairfax","Loudoun, Fairfax",Hybrid,NA
Fairfax,Employment ,Workforce Innovation and Opportunity Act,TAYs,Yes ,18-24,"Need IDs, past school records, Verification of Foster Care or receiving public assistance","1-on-1 training, resume building, interview prep, labor market review, etc. ; need verification of foster care or receiving public assistance ",39.11430659,-77.53961718,Leesburg,Rachael Tichacek,https://vcwnorthern.com/youth-programs/,"Loudoun, Fairfax",Online,In-Person,"984 Edwards Ferry Rd NE, Leesburg, VA 20176, USA"
Fairfax,Employment ,Northern Virginia Educating Youth through Employment,TAYs,Yes ,18-24,None on website ,"Summer initiative that recruits, screens and matches youth  with professional opportunities in the private sector and other area businesses",38.91731817,-77.23187056,Vienna,Northern Virginia Community College,https://vcwnorthern.com/eye-programs/,"Loudoun, Fairfax, Allegheny","Loudoun, Fairfax, Allegheny",In-Person,"8300 Boone Blvd, Vienna, VA 22182, USA"
Fairfax,Housing,Housing Choice Voucher Program,Foster Care,No,Any age ,Household must make less than 50% of the Area Median Income (AMI) for the area where the voucher will be used (this is known as the income limit).,must apply and will be placed on waiting list that becomes open,0,0,Online,Loudoun County Department of Family Services,https://www.loudoun.gov/1816/Housing-Choice-Voucher-Program,"Loudoun, Fairfax","Loudoun, Fairfax",Hybrid,NA
Loudoun,Transportation ,Safe T-ride,TAYs,No,Any age ,None ,Loudoun County Local Bus Service; Free for all in the county; Runs every 20 mins at 10 stops ,39.08455751,-77.555404,Loudoun,Loudoun County Department of Transit and Commuter Services ,https://www.loudoun.gov/3302/Local-Bus,Loudoun ,Loudoun,In-Person,"101 Blue Seal Dr SE, Leesburg, VA 20175, USA"
Loudoun,Transportation ,Medicaid Transportation,TAYs,No,Any age ,Must have Medicaid number,Non-emergency and urgent medical appointments; Must make requests 5 days early; Department of Medical Assistance Services ,37.61065696,-77.34007302,Loudoun,Virginia Department of Medical Assistance Services,http://transportation.dmas.virginia.gov/,"Loudoun, Fairfax",Online,In-Person,"7443 Lee Davis Rd, Mechanicsville, VA 23111, USA"
Fairfax,Transportation ,Medicaid Transportation,TAYs,No,Any age ,Must have Medicaid number,Non-emergency and urgent medical appointments; Must make requests 5 days early; Department of Medical Assistance Services ,37.61065696,-77.34007302,Loudoun,Virginia Department of Medical Assistance Services,http://transportation.dmas.virginia.gov/,"Loudoun, Fairfax",Online,In-Person,"7443 Lee Davis Rd, Mechanicsville, VA 23111, USA"
Loudoun,Transportation ,On Demand Transportation (Medical),TAYs,No,Any age ,Must fall below 70% of State Median Income,Non-emergency transportation for medical and dental appointments when no other viable transportation exists. Check for Location.  ,39.11457166,-77.54054757,Loudoun,Department of Family Services,https://www.loudoun.gov/1699/On-Demand-Transportation,Loudoun ,Loudoun,In-Person,"958 Edwards Ferry Rd NE, Leesburg, VA 20176, USA"
Loudoun,Health Services,Family Access to Medical Insurance Security Plan,TAYs,No,18-19,"Under 19 years old, not insured and fall below family income of $2,201 monthly ",Covers all the medical care that growing children need to stay healthy and if they get sick or hurt; no enrollment costs or monthly premiums; no copays,0,0,Online,Local Department of Social Services,https://www.coverva.org/en/famis,"Loudoun, Fairfax",Online,Online,NA
Loudoun,Health Services,Medicaid ,TAYs,Yes ,18-26,If they were in foster care and had Medicaid in any state on their 18th birthday, No income limit for former foster care youths ,0,0,Online,Local Department of Social Services,https://www.usa.gov/medicaid,"Loudoun, Fairfax",Online,Online,NA
Loudoun,Funding and Policy,SkillSource Group Inc.,Foster Care,No,18-24,None ,Serves as fiscal agent and entity that pursues additional funding sources for the board of Workforce Innovation and Opportunity Training and Employment programs ,0,0,Online,SkillSource ,https://vcwnorthern.com/about/,"Loudoun, Fairfax",Online,Online,NA
Loudoun,Funding and Policy,Education and Training Vouchers,Foster Care,Yes ,18-24,None,"Virginia Department of Social Services through the federal government; Provides  fincial assistance of up to $5,000 per year for up to five years for college, career school, or training ",0,0,Online,Virginia Department of Social Services,https://www.dss.virginia.gov/family/fc/etv.cgi,"Loudoun, Fairfax",Online,Online,NA
Loudoun,Funding and Policy,Community College Tuition Grants,TAYs,Yes ,18+ ,None,Assists community college students in Virginia with financial need; this is funded by the state or federal ,0,0,Online,Virginia Community Colleges,https://www.vccs.edu/wp-content/uploads/2020/04/FINCIAL-AID-PROGRAMS-revised-100719.pdf,"Loudoun, Fairfax",Online,Online,NA
Fairfax,Health Services,Family Access to Medical Insurance Security Plan,TAYs,No,18-19,"Under 19 years old, not insured and fall below family income of $2,201 monthly ",Covers all the medical care that growing children need to stay healthy and if they get sick or hurt; no enrollment costs or monthly premiums; no copays,0,0,Online,Local Department of Social Services,https://www.coverva.org/en/famis,"Loudoun, Fairfax",Online,Online,NA
Fairfax,Health Services,Medicaid ,TAYs,Yes ,18-26,If they were in foster care and had Medicaid in any state on their 18th birthday, No income limit for former foster care youths ,0,0,Online,Local Department of Social Services,https://www.usa.gov/medicaid,"Loudoun, Fairfax",Online,Online,NA
Allegheny,Health Services,Medicaid ,TAYs,Yes ,18-26,If they were in foster care and had Medicaid in any state on their 18th birthday, No income limit for former foster care youths ,0,0,Online,Local Department of Social Services,https://www.usa.gov/medicaid,"Loudoun, Fairfax",Online,Online,NA
Fairfax,Funding and Policy,SkillSource Group Inc.,Foster Care,No,18-24,None ,Serves as fiscal agent and entity that pursues additional funding sources for the board of Workforce Innovation and Opportunity Training and Employment programs ,0,0,Online,SkillSource ,https://vcwnorthern.com/about/,"Loudoun, Fairfax",Online,Online,NA
Fairfax,Funding and Policy,Education and Training Vouchers,Foster Care,Yes ,18-24,None,"Virginia Department of Social Services through the federal government; Provides  financial assistance of up to $5,000 per year for up to five years for college, career school, or training ",0,0,Online,Virginia Department of Social Services,https://www.dss.virginia.gov/family/fc/etv.cgi,"Loudoun, Fairfax",Online,Online,NA
Fairfax,Funding and Policy,Community College Tuition Grants,TAYs,Yes ,18+ ,None,Assists community college students in Virginia with financial need; this is funded by the state or federal ,0,0,Online,Virginia Community Colleges,https://www.vccs.edu/wp-content/uploads/2020/04/FINCIAL-AID-PROGRAMS-revised-100719.pdf,"Loudoun, Fairfax",Online,Online,NA
Allegheny,Education,412 Youth Zone Program,Foster Care,Yes ,16-23 ,Transitioning out of the foster care system,"Contains kitchen and common area for meals, playroom, laundry room, offices and classrooms; Career and job development services, life skills assessment ",40.43918805,-80.00145636,Pittsburgh,Department of Human Services,https://www.alleghenycounty.us/Human-Services/Programs-Services/Teens-Young-Adults/412-Youth-Zone.aspx,Allegheny,Allegheny,In-Person,"Wood St + Third Ave FS, Pittsburgh, PA 15222, USA"
Allegheny,Employment ,The Independent Living Initiative,Foster Care,Yes ,14-24 ,Have had experience in foster care for at least 30 days after their 14th birthday,"Career development, financial assistance, assistance in employment, housing ",40.4373061,-80.00102134,Pittsburgh,Department of Human Services,downloads a pdf,Allegheny,Allegheny,Hybrid,"1 Smithfield St, Pittsburgh, PA 15222, USA"
Allegheny,Employment ,Learn and Earn Summer Youth Employment Program Corporate,TAYs,Yes,18-24,Low-Income young adults residing in Allegheny County,Eight week Corporate Internship program for adults aged 18-24.,0,0,Online,Partner4Work,Learn & Earn / Learn & Earn Corporate Internship Program - Partner4Work,Allegheny,"Online, Allegheny",In-Person,NA
Allegheny,Housing,FamilyLink Downtown Outreach Center & Shelter,TAYs,Yes ,18-24,Run away or been kicked out of their family’s home; Youth whose financial situation makes it impossible to afford a place to live; Youth who are “couch-surfing”,"Provides with emergency shelter, food and clothing",40.43913279,-79.9947219,Pittsburgh,Family Link ,https://familylinks.org/get-help/housing/DOCS,Allegheny,Allegheny,In-Person,"500 Ross St, Pittsburgh, PA 15262, USA"
Allegheny,Housing,Permanent Supportive Housing,Foster Care,Yes ,18-25,"Involved in or transitioning from other Department of Human Service system; Diagnosed with serious mental illness, mental illness and substance abuse; Desires to live independently","Make 24 units available annually for Office of Behavioral Health (OBH) priority transition-age youth, with psychiatric disabilities; connected to financial, advocacy and legal resources",Multiple locations ,,"Pittsburgh, McKeesport",Community Care Behavioral Health Organization,https://www.transitiolservices.org/programs/psychiatric-disabilities/transition-age-youth-tay,Allegheny,Allegheny,In-Person,NA
Allegheny,Housing,MyPlace Permanent Supportive Housing,TAYs,No,18+ ,None,"Allows to focus on obtaining/remaining in permanent housing, increasing income through stable employment, maximizing their ability to live independently and their quality of life",40.40062056,-79.8352431,Pittsburgh,Sharon Langford,https://actionhousing.org/our-services/myplace-youth-program/,Allegheny,Allegheny,In-Person,"813 E Pittsburgh Mall, East Pittsburgh, PA 15112, USA"
Allegheny,Housing,MyPlace Rapid Re-Housing,TAYs,Yes ,18-24,None,"Offers a stable living situation in which they can build their education and career skills; Learn how to earn income, build personal and professional skills, and maintain their own permanent housing",40.40062056,-79.8352431,Pittsburgh,Sharon Langford,https://actionhousing.org/our-services/myplace-youth-program/,Allegheny,Allegheny,In-Person,"813 E Pittsburgh Mall, East Pittsburgh, PA 15112, USA"
Allegheny,Housing,Foundation for Independence,Foster Care,Yes ,18+,Must be active with Allegheny County Department of Human Service’s Children Youth and Family; Must have a high school diploma or GED and must be employed in order to be considered,Allows eligible youth to apply for apartments in Allegheny. ,40.40062056,-79.8352431,Pittsburgh,Sharon Langford,https://actionhousing.org/our-services/myplace-youth-program/,Allegheny,Allegheny,Hybrid,"813 E Pittsburgh Mall, East Pittsburgh, PA 15112, USA"
Allegheny,Transportation ,Self Sufficiency Programs,TAYs,No,18+,Live in a household whose total income is no more than 200% of the federal Income Poverty Guidelines,"For TAYs if they would have roadblocks keeping them from getting ahead or earn less than what they need to live, figure out their strengths and weakness, create a plan to reach their goals, and connect to those resources to help them achieve their goals",40.43918805,-80.00145636,Pittsburgh,Department of Human Services,"https://www.alleghenycounty.us/Human-Services/Programs-Services/Basic-Needs/Self-Sufficiency-Case-Magement,-Training,-and-Job-Placement.aspx",Allegheny,Allegheny,Hybrid,"Wood St + Third Ave FS, Pittsburgh, PA 15222, USA"
Allegheny,Transportation ,Behavioral Health Transportation,TAYs,No,Any age ,"Be receiving behavioral health services from a BHTP-participating, Department of Human services (DHS)- contracted provider. Live at least one-half mile from an eligible destination",Helps citizens that need transportation due to a behavioral health condition; will help them be able to function as an individual while receiving care. ,40.4373061,-80.00102134,Pittsburgh,Department of Human Services,https://www.alleghenycounty.us/Human-Services/Programs-Services/Basic-Needs/Transportation/Behavioral-Health-Transportation-Program.aspx,Allegheny,Allegheny,In-Person,"1 Smithfield St, Pittsburgh, PA 15222, USA"
Allegheny,Transportation ,Medical Assistance Transportation Program,TAYs,No,Any age ,Must be eligible for Medicaid and a resident of Allegheny,"Provides free public transportation (bus, subway and incline) ahead-of-time ticket, reimbursement for your use of public transportation or a private car, and free door-to-door service, when medically necessary, via shared-ride or ride-hailing service.",40.4373061,-80.00102134,Pittsburgh,Department of Human Services,https://www.alleghenycounty.us/Human-Services/Programs-Services/Basic-Needs/Transportation/Medical-Assistance-Transportation-Program.aspx,Allegheny,Allegheny,In-Person,"1 Smithfield St, Pittsburgh, PA 15222, USA"
Allegheny,Health Services,Health Insurance Marketplace,TAYs,No,19-24,None,Help citizens find the right healthcare coverage for them. ,0,0,Online,Department of Human Services,healthcare.gov,Allegheny,Online,Online,NA
Allegheny,Health Services,Behavioral Health Insurance,Foster Care,No,Any age ,Must be eligible for Medicaid and a resident of Allegheny,Community Behavioral Health Organization (community Care) is the behavioral health managed care organization for Allegheny County residents who receive Medical Assistance.,0,0,Online,Department of Human Services,https://www.alleghenycounty.us/Human-Services/Programs-Services/Basic-Needs/Health-Insurance.aspx,Allegheny,"Online, Allegheny",Online,NA
Allegheny,Health Services,Mental Health Rx Pharmacy Benefit Program,TAYs,No,Any age ,low-income Pennsylvania residents,Providing psychiatric prescription medications at no cost to eligible individuals. Eligibility is based on income.,0,0,Online,Department of Human Services,https://www.alleghenycounty.us/Human-Services/Programs-Services/Basic-Needs/Health-Insurance.aspx,Allegheny,"Online, Allegheny",Online,NA
Loudoun,Housing,Oxford House,TAYs,No,17+,Those recovering from drug and alcohol addiction aiming to prevent relapse ,Housing for those recovering from substance abuse who wish to be drug free and support others in their efforts,0,0,Online,Oxford House World Services,Contact Us » Oxford Houses of Virginia (vaoxfordhouse.org),"Loudoun, Fairfax",Online,In-Person,NA
Loudoun,Housing,Rapid Re-Housing Program,TAYs,No,Any age ,Resident of Loudoun County ,Provides financial and case management resources to the homeless in Loudoun County,39.07682,-77.549896,Leesburg,Volunteers of America Chesapeake,https://veteransvigator.org/program/74824/loudoun-county-rapid-re-housing-program,"Loudoun, Fairfax",Loudoun,Hybrid,"16400 Meadowview Ct, Leesburg, VA 20175, USA"
Fairfax,Housing,Oxford House,TAYs,No,17+,Those recovering from drug and alcohol addiction aiming to prevent relapse ,Housing for those recovering from substance abuse who wish to be drug free and support others in their efforts,0,0,Online,Oxford House World Services,Contact Us » Oxford Houses of Virginia (vaoxfordhouse.org),"Loudoun, Fairfax",Online,In-Person,NA
Fairfax,Housing,Rapid Re-Housing Program,TAYs,No,Any age ,Resident of Loudoun County ,Provides financial and case management resources to the homeless in Loudoun County,39.07682,-77.549896,Leesburg,Volunteers of America Chesapeake,https://veteransvigator.org/program/74824/loudoun-county-rapid-re-housing-program,"Loudoun, Fairfax",Loudoun,Hybrid,"16400 Meadowview Ct, Leesburg, VA 20175, USA"
Loudoun,Employment ,Loudoun Workforce Resource Center,TAYs,No,Any age ,Currently incarcerated or recently incarcerated,"Provides free-of-charge guidance, equipment and resources to ex-offenders seeking jobs or ex-offenders with businesses.",39.11441,-77.540581,Leesburg,Loudoun County Health and Human Services,"Workforce Resource Center | Loudoun County, VA - Official Website",Loudoun ,Loudoun,Hybrid,"102 Heritage Way NE UNIT 103, Leesburg, VA 20176, USA"
Loudoun,Employment ,Crossroads Jobs,TAYs,No,Any age ,Unemployed or underemployed Loudoun County resident,Free employment service that provides job search and placement services to Loudoun area adults,39.11550012,-77.56436179,Leesburg,Crossroads Jobs Inc. ,https://crossroadsjobs.org/,Loudoun ,Loudoun,Hybrid,"1 East Market St, Leesburg, VA 20176 "
Loudoun,Employment ,Work In Loudoun Initiative ,TAYs,No,Any age ,Searching for a job in Loudoun County,Suite of job search services for Loudoun county jobs,0,0,Online,"Work In Loudoun, VA","Work in Loudoun - Loudoun County Economic Development, VA",Loudoun ,Online,Online,NA
Loudoun,Employment ,OAR,Juvenile Detention,Yes,18+,Currently incarcerated or recently incarcerated,Post-release services such as employment assistance.,39.1083999,-77.565337,Leesburg,OAR,Loudoun County (oarnova.org),"Loudoun, Fairfax",Loudoun,In-Person,"26 Fairfax St SE, Leesburg, VA 20175, USA"
Fairfax,Employment ,OAR,Juvenile Detention,Yes,18+,Currently incarcerated or recently incarcerated,"Works with those involved in the criminal justice system to provide employment assistance, post-release skill classes, community service substitutes for misdemeanor offers clothing, food, transportation, medication and violence prevention programs.",39.1083999,-77.565337,Leesburg,OAR,Loudoun County (oarnova.org),"Loudoun, Fairfax",Loudoun,In-Person,"26 Fairfax St SE, Leesburg, VA 20175, USA"
Loudoun,Education,Adult Literacy Program,TAYs,No,18+,Low-Income adults and children interested in improving communication and literacy schools,Loudoun Literacy Council provides classes and individual tutoring. ,39.1144062,-77.5677063,Leesburg,Loudoun Literacy Council,Loudoun Literacy Council | Loudoun Literacy,Loudoun ,Loudoun,In-Person,"199 Liberty St SW, Leesburg, VA 20175, USA"
Loudoun,Health Services,Loudoun Free Clinic,TAYs,No,19-64,"Low-Income adults (under 300% Federal Poverty Level) who do not qualify for medicaid/Medicare, who have been living in Loudoun for 9 consecutive months ",Free medical care to those dealing with acute and chronic medical conditions and emergency.,39.12018658,-77.56883346,Leesburg,Loudoun Free Clinic ,https://www.loudounfreeclinic.org/,Loudoun ,Loudoun,In-Person,"224-A Cornwall St NW, Leesburg, VA 20176, USA"
Allegheny,Housing,Bridge2Home Host Homes,TAYs,Yes,18-24,"Pennsylvania youth aged 18-24 experiencing housing inequality in Allegheny, Armstrong and Westmoreland(16-24)",Home hosting programs for those aged 18-24 experiencing housing insecurity,0,0,Online,Valley Youth House ,Bridge2Home Host Homes - Valley Youth House,Allegheny,"Online, Allegheny",Hybrid,NA
Allegheny,Housing,Alleghany Link,TAYs,No,Any age ,Allegheny residents at risk of becoming homeless ,Offers a variety of housing services to those at risk for homelessness,40.43740214,-80.00115403,Pittsburgh,Allegheny County Department of Human Services,Allegheny Link to Aging and Disability Resources (alleghenycounty.us),Allegheny,"Online, Allegheny",Hybrid,"1 Smithfield St, Pittsburgh, PA 15222, USA"
Allegheny,Employment ,Learn and Earn Summer Youth Employment Program General,TAYs,Yes,14-21,Low-Income young adults residing in Allegheny County,Six week summer-employment opportunity with work readiness training for disadvantaged youth aged 14-21,0,0,Online,Partner4Work,Learn & Earn / Learn & Earn (general program) - Partner4Work,Allegheny,"Online, Allegheny",In-Person,NA
Allegheny,Employment ,Auberle’s Employment Institute,TAYs,Yes ,16-24,Cannot be enrolled in GED program or High school,"Job readiness training, counseling, GED completion, work experience, education support and tutoring/mentorship, food pantry access, College/Trade School Application Assistance and Tours, Work Attire and Safety Equipment",40.34926989,-79.83216282,McKeesport,Abby Wolensky,https://www.auberle.org/employment-institute,Allegheny,Online,In-Person,"1101 Hartman St, McKeesport, PA 15132, USA"
Allegheny,Employment ,Career Pipeline Program,Juvenile Detention,Yes,18-24,18-24 year olds who are or have been involved in the justice system,"Provides paid  training opportunities, comprehensive career and education services and transportation funding in Allegheny who have past or present criminial justice system involvement",0,0,Online,Partner4Work,https://www.partner4work.org/programs/career-pipeline-project/,Allegheny,"Online, Allegheny",In-Person,NA
Allegheny,Employment ,STRIVE Program,Juvenile Detention,Yes,18-24,18-24 year olds who are or have been involved in the justice system,"Provides case management and career services, industry-recognized credentialing programs, hands-on job training, transitional jobs, and comprehensive supportive services for those involved in the justice system ",0,0,Online,Partner4Work,Reentry Programs - Partner4Work,Allegheny,"Online, Allegheny",In-Person,NA
Allegheny,Employment ,Transitional Jobs,TAYs,Yes,18+ ,Those with multiple barriers to gaining employment, Program targeted at securing jobs to develop a career for those with significant barriers to workforce entry. Mentioned highly-useful for ex-offenders.,0,0,Online,Partner4Work,Transitional Jobs,Allegheny,"Online, Allegheny",In-Person,NA
Allegheny,Employment ,Mon Valley Initiative,TAYs,No,18+ ,Those in need of job assistance in Allegheny County, Provides assistance to those with criminal backgrounds searching for a job,40.40796,-79.909258,Homestead,Mon Valley Initiative ,Finding a Job - (monvalleyinitiative.com),Allegheny,Online,Online,"8th Ave + Ann, Homestead, PA 15120, USA"
Allegheny,Employment ,Supports for Success,TAYs,No,18+,"Must make 200% of the federal poverty level or less, have a goal of employment/education, live within Mon Valley (in Allegheny)"," Individualized case management services in finance, employment, education and housing for adults making 200% of the federal poverty level or less.",40.4052591,-79.8291844, Turtle Creek,Human Services Center Corporation,Supports for Success | HSCC (hscc-mvpc.org),Allegheny,Online,Hybrid,"501 Penn Ave, Turtle Creek, PA 15145, USA"
Allegheny,Employment ,North Hills Employment Services,TAYs,No,Any age ,Allegheny County Resident,"Virtual career counseling, assessment and assistance through Workable for all Alleghany County residents",40.55951,-79.95867,"
Allison Park",North Hills Community Outreach,Employment Services — North Hills Community Outreach (nhco.org),Allegheny,Online,Online,"3916 William Flinn Hwy, Allison Park, PA 15101, USA"
Allegheny,Education ,CCAC Workforce Development Program,TAYs,No,18+,Allegheny County Resident,Programs designed to provide skills and knowledge needed to remain competitive in a variety of industries,40.42769987,-80.13597974,Pittsburgh,Community College of Allegheny County,https://www.ccac.edu/workforce/index.php,Allegheny,Allegheny,In-Person,"652 Ridge Rd, Pittsburgh, PA 15205, USA"
Allegheny,Education ,DHS Education Liaison,TAYs,Yes,16-24,Allegheny County youth with educational barriers,Individualized support for youth with educational barriers,0,0,Online,Department of Human Services ,https://www.alleghenycounty.us/Human-Services/Resources/Education/DHS-Methods.aspx,Allegheny,Online,In-Person,NA
Allegheny,Education ,CCAC KEYS Program,TAYs,No,18+,Allegheny County Resident,KEYS is for Temporary Assistance for Needy Families (TANF) cash assistance and some SP recipients in Pennsylvania.,40.42769987,-80.13597974,Allegheny,Community College of Allegheny County.,https://www.ccac.edu/academics/free-and-subsidized.php,Allegheny,Allegheny,In-Person,"652 Ridge Rd, Pittsburgh, PA 15205, USA"
Allegheny,Education ,CCAC Commonwealth Diploma Program,TAYs,No,18+,Those who do not possess secondary diplomas after successful completion of 30-credit hours in relevant courses.,Awards commonwealth secondary school diplomas ,40.42769987,-80.13597974,Pittsburgh,Community College of Allegheny County,https://www.ccac.edu/admissions/ged.php,Allegheny,Allegheny,In-Person,"652 Ridge Rd, Pittsburgh, PA 15205, USA"
Allegheny,Education ,CCAC Apprenticeship Programs,TAYs,No,18+,Allegheny County Resident,Career services program,40.42769987,-80.13597974,Allegheny,Community College of Allegheny County.,https://www.ccac.edu/academics/apprenticeship.php,Allegheny,Allegheny,In-Person,"652 Ridge Rd, Pittsburgh, PA 15205, USA"
Allegheny,Transportation,Port Authority ,TAYs,No,18+,Allegheny County Resident,Public transit agency in Alleghany County,0,0,Online,Port Authority of Allegheny County,PortAuthority.org,Allegheny,Allegheny,In-Person,NA
Allegheny,Health Services,Health Choices,TAYs,No,19-64,Qualify for Medicaid ,A collection of programs available to Pennsylvania residents who receive medicaid.,,,Erie,Pennsylvania Department of Human Services,https://www.dhs.pa.gov/HealthChoices/Pages/HealthChoices.aspx,Allegheny,Allegheny,In-Person,NA
Loudoun,Housing,Loudoun County Continuum of Care,TAYs,No,Any age ,Those who are currently or are at risk of experiencing homelessness,"community coalition of public, nonprofit, and faith-based organizations that provide a variety of shelter and support services to persons who are homeless or at risk of becoming homeless",0,0,Loudoun ,U.S. Department of Housing and Urban Development,https://www.loudoun.gov/CoC,"Loudoun, Fairfax","Loudoun, Fairfax",In-Person,NA
Fairfax,Housing,Continuum of Care,TAYs,No,Any age ,Those who are currently or are at risk of experiencing homelessness,"community coalition of public, nonprofit, and faith-based organizations that provide a variety of shelter and support services to persons who are homeless or at risk of becoming homeless",0,0,Loudoun ,U.S. Department of Housing and Urban Development,https://www.loudoun.gov/CoC,"Loudoun, Fairfax","Loudoun, Fairfax",In-Person,NA
Loudoun,Housing,Loudoun Homeless Services Center,TAYs,No,18+ ,Those who are currently or are at risk of experiencing homelessness,"Provides extensive services to prevent, support and help end homelessness within Loudoun and surrounding counties",39.078167,-77.550561,Leesburg,Loudoun Homeless Services Center,https://www.voachesapeake.org/lhsc,Loudoun ,Loudoun,In-Person,"16451 Meadowview Ct, Leesburg, VA 20175, USA"
Loudoun,Housing,Good Shepherd Alliance ,TAYs,No,Any age ,Those who are currently or are at risk of experiencing homelessness,Non-profit that offers homeless services and shelters ,39.0452278,-77.4864942,Ashburn,Good Sheppard Alliance ,https://goodshepherdalliance.org/who-we-are/,Loudoun ,Loudoun,In-Person,"20684 Ashburn Rd, Ashburn, VA 20147, USA"
Fairfax ,Housing ,Second Story for Homeless Youth,TAYs,Yes ,18-24,"they are living in a homeless shelter, sleeping on the streets or another place not meant for human habitation, or fleeing domestic violence in Fairfax County, and be referred by a community provider","Long-term housing and support for youth who are experiencing homelessness or living in an unsafe situation; Youth often come to us who have aged out of foster care, or have run away from an unsafe situation",38.90630351,-77.22264133,Dunn Loring ,Second Story,https://www.second-story.org/homeless-youth/,Fairfax,Fairfax,In-Person,"8021 Merry Oaks Ct, Vienna, VA 22182, USA"
Fairfax ,Housing ,LIFT One,TAYs,Yes ,17-21,Need a referral ,"Focuses on providing: subsidized apartments that provide stable housing to homeless youth, viable vocatiol/career skills-building & training, life skills prep, support services (including: shelter, food, clothing, medical assistance, crisis intervention, counseling, referrals & aftercare services)",38.87581603,-77.43571837,Chantilly ,Choice. Respect. Independence.,https://mycri.org/services/youth-services/lift-program,Fairfax,Fairfax,In-Person,"14160 Newbrook Dr, Chantilly, VA 20151, USA"
Fairfax ,Housing ,LIFT TWO,Foster Care,Yes ,17-21,Need a referral ,"Receive housing, vocational and educational services, life skills training, therapeutic services (counseling, therapy and/or substance abuse education), and the development of a network of support services in the community; apartment-based Independent Living and Support Services to help foster care youth",38.87581603,-77.43571837,Chantilly ,Choice. Respect. Independence.,https://mycri.org/services/youth-services/lift-program,Fairfax,Fairfax,In-Person,"14160 Newbrook Dr, Chantilly, VA 20151, USA"
Fairfax ,Housing ,Bridging Affordability,TAYs,No,Any age ,"Referred by Fairfax County, working preference, earning 30% to 50% of area median income (AMI), living or working in Fairfax County, Not open referral ","Provides case management and supportive services like job training and financial education, depending on client needs, as well as rental assistance for up to 24 months",38.87361019,-77.30554663,Oakton,Northern Virginia Family Service ,https://www.nvfs.org/assistance/bridging-affordability/,Fairfax,"Online, Fairfax",Hybrid,"10455 White Granite Dr, Oakton, VA 22124, USA"
Fairfax ,Employment ,Secondary Transition to Employment Program,TAYs,Yes ,18-22,None,"Receive instruction in applied academics, self-advocacy, and independent living skills",38.86859077,-77.22414488,Falls Church,Fairfax County Public Schools,https://www.fcps.edu/academics/academic-overview/special-education-instruction/career-and-transition-services/step,Fairfax,Fairfax,In-Person,"8115 Gatehouse Rd, Falls Church, VA 22042, USA"
Fairfax ,Employment ,Transition to Independence Program,Foster Care,No,18-22,Must be enrolled at the Davis and Pulley Career Centers and have an IEP,"Helps those students with IEP build employable skills at the local community colleges; helps them have work-based learning, coordinate to postsecondary resources and services, provide an opportunity to experience post-secondary education and help them achieve their goals. ",38.7743791,-77.0740156,Alexandria,Fairfax County Public Schools,https://www.fcps.edu/academics/academic-overview/special-education-instruction/career-and-transition-services/transition-to-independence,Fairfax,Fairfax,In-Person,"2411 Belle Haven Meadows Ct, Alexandria, VA 22306, USA"
Fairfax ,Education,"Fairfax County Adult High School, Diploma ",TAYs,Yes ,18-21 or 22+ ,Fairfax resident ,"Daytime: M-F (five days a week): semester program; Evening: year-long classes; $80-$160 
General Education students aged 18—19 do not pay tuition
English Language Learners (ELLs) aged 18—21 do not pay tuition ",38.8060491,-77.1816765,Springfield ,Fairfax County Public Schools,https://fairfaxadulths.fcps.edu/about,Fairfax,Fairfax,In-Person,"6815 Edsall Rd, Springfield, VA 22151, USA"
Fairfax ,Education,Permanency and Life Skills,TAYs,Yes ,14-21,Fairfax resident ,"Provides SAT prep, application fees, and dorm supplies, household items, moving fees and gift cards for gas, transportation, Department of Family Services ",38.85539172,-77.3627187,Fairfax ,Fairfax County Department of Family Services,https://www.fairfaxcounty.gov/familyservices/children-youth/permanency-life-skills,Fairfax,Online,Online,"12011 Government Center Pkwy, Fairfax, VA 22035, USA"
Fairfax ,Education,Fairfax County Adult High School Equivalency,TAYs,Yes ,18+,Fairfax resident ,Helps prepare *Fairfax County residents  to take the GED test,38.8060491,-77.1816765,Springfield ,Fairfax County Public Schools,https://fairfaxadulths.fcps.edu/about,Fairfax,Fairfax,In-Person,"6815 Edsall Rd, Springfield, VA 22151, USA"
Fairfax ,Transportation ,"Transportation Options, Programs & Services",TAYs,No,Any age ,"Must be a resident of Fairfax County or the City of Fairfax, plus meet one of the following criteria:

50 years of age or older, with an annual income of $50,000 or less per household
registered user of MetroAccess
recipient of Supplemental Security Income (SSI) or Social Security Disability Insurance (SSDI)
annual income that meets the 225% federal poverty levels by household size","Options: Taxicabs, Rideshare services (Uber and Lyft), Public Transportation: bus and rail via SmarTrip card, Capital BikeShare rentals; 
Apply online or send in application",38.85425158,-77.3565793,Fairfax ,Fairfax County Human Services Transportation,https://www.fairfaxcounty.gov/neighborhood-community-services/transportation/tops,Fairfax,Fairfax,In-Person,"12000 Government Center Pkwy, Fairfax, VA 22035, USA"
Fairfax ,Transportation ,Taxi Access,TAYs,No,Any age ,Must be a resident of Fairfax county or the City of Fairfax. Must be a registered user of Metro Access.,"Travel affordable, safely, and independently with the purchase of a discounted taxicab coupon. Cost $10 per $33 coupon book. 8 coupon books per year (July 1- June 30)",38.8553408,-77.3648545,Fairfax ,Department of Neighborhood and Community Services,https://www.fairfaxcounty.gov/neighborhood-community-services/transportation/taxi-voucherprogram,Fairfax,Fairfax,In-Person,"12103 Pine Forest Cir, Fairfax, VA 22030, USA"
Fairfax ,Transportation ,Dial-A_Ride,TAYs,No,Any age ,Must be a resident of Fairfax County or the City of Fairfax. Annual income must be 225% below Federal Poverty Guidelines. ,"Travel affordable, safely, and independently with the purchase of a discounted taxicab coupon. Cost $10 per $33 coupon book. 16 coupon books per year (July 1- June 30)",38.8553408,-77.3648545,Fairfax ,Department of Neighborhood and Community Services,https://www.fairfaxcounty.gov/neighborhood-community-services/transportation/taxi-voucherprogram,Fairfax,Fairfax,In-Person,"12103 Pine Forest Cir, Fairfax, VA 22030, USA"
Fairfax ,Transportation ,Fairfax County Travel Training,TAYs,No,Any age ,Must be a resident of Fairfax county or the City of Fairfax.," It is open for student travelers  who want to learn about the public transit system; help plan their trip, read bus and rail schedules, pay bus fares, transfer, reach specific destination, access local transportation resources",38.8553408,-77.3648545,Fairfax ,Department of Neighborhood and Community Services,,Fairfax,Fairfax,,"12103 Pine Forest Cir, Fairfax, VA 22030, USA"
Fairfax ,Health Services,Falls Church Health Clinic,TAYs,No,Any age ,Fees and eligibility vary by service. WIC services available here,"Values your decisions that will best nurture your future, your faith, and your family.",38.886493,-77.176065,Falls Church,Falls Church Health Care ,https://fallschurchhealthcare.com/,Fairfax,Fairfax,In-Person,"427 Park Ave, Falls Church, VA 22046, USA"
Fairfax ,Health Services,Herndon/Reston Health Clinic,TAYs,No,Any age ,Fees and eligibility vary by service. WIC services available here,,38.96563,-77.35891,Reston,Fairfax Health Department,https://www.fairfaxcounty.gov/health/clinics/herndon-reston-district-office,Fairfax,Fairfax,In-Person,"1850 Cameron Glen Dr, Reston, VA 20190, USA"
Fairfax ,Health Services,Joseph Willard Health Center,TAYs,No,Any age ,Fees and eligibility vary by service. WIC services available here,,38.85072,-77.29956,Fairfax ,Fairfax Health Department,https://www.fairfaxcounty.gov/health/clinics/joseph-willard-health-center,Fairfax,Fairfax,In-Person,"3750 Old Lee Hwy, Fairfax, VA 22030, USA"
Fairfax ,Health Services,Community Health Care Network,TAYs,No,Any age ,Health services for low income and uninsured.,"Non-profit Medi-Cal managed care organization, providing business administrative support for community health centers to focus on what matters most–patients.",38.86967,-77.14775,Falls Church,Community Health Center Network,https://chcnetwork.org/,Fairfax,Fairfax,In-Person,"6198 a Arlington Blvd, Seven Corners, VA 22044, USA"
Fairfax  ,Health Services,Jeanie Schmidt Free Clinic,TAYs,No,Any age ,Serving NW FFX County,,,,Herndon,,http://www.jsfreeclinic.org/ (DOES NOT WORK,Fairfax,Fairfax,In-Person,NA
Fairfax ,Health Services,Mission Life Center Hope Clinic,TAYs,No,Any age ,Serving FFX County,Christian free clinic offering medical and spiritual care to uninsured persons of all ages by connecting them to resources. ,38.84959,-77.3166,Fairfax ,,https://seniorvigator.org/program/47239/mlc-hope-clinic (does not work),"Loudoun, Fairfax","Loudoun, Fairfax",In-Person,"10734 Main St, Fairfax, VA 22030, USA"
Fairfax ,Health Services,Culmore Clinic,TAYs,No,Any age ,Serving FFX County,Non-profit healthcare clinic serving low-income adults in the Bailey’s Crossroads community at little to no cost.,38.8636596,-77.15002076,Andale,Culmore Clinic,https://www.culmoreclinic.org/,"Loudoun, Fairfax","Loudoun, Fairfax",In-Person,"6165 Leesburg Pike, Falls Church, VA 22044"
Fairfax ,Health Services,Northern Virginia Dental Society,TAYs,No,Any age ,"Must be resident of Arlington, FFX, Loudoun Counties or City of Alexandria, FFX or Falls Church.",Promote the ideals of the ?profession of Dentistry and to foster professional relationships among dentists; seeks to safeguard the interests and well-being of the public. ,0,0,Online,Northern Virginia Dental Society,https://www.nvds.org/about-us,"Loudoun, Fairfax","Loudoun, Fairfax",In-Person,NA
Fairfax ,Health Services,Northern Virginia Dental Clinic,TAYs,Yes,18 +,Must be 18+ years and at or below 200% of fed. poverty guidelines.,Private non-profit 501(c) (3) organization; wants to contribute a critically-needed service to the community while preserving the dignity of the underserved.,0,0,Online,Northern Virginia Dental Society,https://www.novadentalclinic.org/,"Loudoun, Fairfax","Loudoun, Fairfax",In-Person,NA
Loudoun,Health Services,Mission Life Center Hope Clinic,TAYs,No,Any age ,Serving FFX County,Christian free clinic offering medical and spiritual care to uninsured persons of all ages by connecting them to resources. ,38.84959,-77.3166,Fairfax ,,https://seniorvigator.org/program/47239/mlc-hope-clinic (does not work),"Loudoun, Fairfax","Loudoun, Fairfax",In-Person,"10734 Main St, Fairfax, VA 22030, USA"
Loudoun,Health Services,Culmore Clinic,TAYs,No,Any age ,Serving FFX County,Non-profit healthcare clinic serving low-income adults in the Bailey’s Crossroads community at little to no cost.,38.83101,-77.18582,Andale,Culmore Clinic,https://www.culmoreclinic.org/,"Loudoun, Fairfax","Loudoun, Fairfax",In-Person,"4328e Evergreen Ln, Annandale, VA 22003, USA"
Loudoun,Health Services,Northern Virginia Dental Society,TAYs,No,Any age ,"Must be resident of Arlington, FFX, Loudoun Counties or City of Alexandria, FFX or Falls Church.",Promote the ideals of the ?profession of Dentistry and to foster professional relationships among dentists; seeks to safeguard the interests and well-being of the public. ,0,0,Online,Northern Virginia Dental Society,https://www.nvds.org/about-us,"Loudoun, Fairfax","Loudoun, Fairfax",In-Person,NA
Loudoun,Health Services,Northern Virginia Dental Clinic,TAYs,Yes,18 +,Must be 18+ years and at or below 200% of fed. poverty guidelines.,Private non-profit 501(c) (3) organization; wants to contribute a critically-needed service to the community while preserving the dignity of the underserved.,0,0,Online,Northern Virginia Dental Society,https://www.novadentalclinic.org/,"Loudoun, Fairfax","Loudoun, Fairfax",In-Person,NA
Loudoun,Health Services,"Outpatient, MHSADS",TAYs,Yes,18-24,Resident of Loudoun County ,"Counseling and referral, trauma empowerment and recovery programs, life skills and socialization groups, relapse prevention and substance abuse education",39.02561868,-77.40805577,Leesburg,Loudoun County Health and Human Services,https://www.loudoun.gov/1414/Outpatient-Services ,Loudoun ,Loudoun,In-Person,"21641 Ridgetop Cir, Sterling, VA 20166, USA"
Loudoun,Health Services,"Case Management, MHSADS(Sterling)",TAYs,Yes,18-24,Resident of Loudoun County; a psychological evaluation completed prior 18; significant deficits in at least two areas of adaptive living skills,Persons with intellectual and developmental disabilities,39.02561868,-77.40805577,Leesburg,Loudoun County Health and Human Services,https://www.loudoun.gov/1336/Case-Magement-Support-Coordition,Loudoun ,Loudoun,In-Person,"21641 Ridgetop Cir, Sterling, VA 20166, USA"
Loudoun,Health Services,"Case Management, MHSADS (Leesburg)",TAYs,Yes,18-24,Resident of Loudoun County; a psychological evaluation completed prior 18; significant deficits in at least two areas of adaptive living skills,Persons with intellectual and developmental disabilities,39.09965191,-77.53740896,Leesburg,Loudoun County Health and Human Services,https://www.loudoun.gov/1336/Case-Magement-Support-Coordition,Loudoun ,Loudoun,In-Person," 906 Trailview Boulevard, SE, Leesburg, VA 20177"
Loudoun,Housing,"Residential, MHSADS",TAYs,Yes,18-24,Resident of Loudoun County ,"The Department of MHSADS operates several 24-hour residential programs for adults with developmental disabilities, including group homes in Sterling, Leesburg, Aldie, and Purcellville. Each program provides the supervision, training, and care needed by the residents.",39.09965191,-77.53740896,Leesburg,Loudoun County Health and Human Services,https://www.loudoun.gov/1384/Residential-Services,Loudoun ,Loudoun,In-Person," 906 Trailview Boulevard, SE, Leesburg, VA 20177"
Loudoun,Health Services,"Discharge Planning, MHSADS",TAYs,Yes,18-24,Resident of Loudoun County ,Facilitates transition back into the community from a more intensive level of treatment via rapid access to ongoing services and support,39.11461529,-77.54063966,Leesburg,Loudoun County Health and Human Services,https://www.loudoun.gov/121/Mental-Health-Substance-Abuse-Develop-Se,Loudoun ,Loudoun,In-Person,"102 Heritage Way NE, Leesburg, VA 20176, USA"
Loudoun,Health Services,"Emergency Services, MHSADS",TAYs,Yes,18-24,Resident of Loudoun County ,"Mental health evaluation, crisis intervention and stabilization services; resources for anyone experiencing a mental health or substance use related emergency",39.11461529,-77.54063966,Leesburg,Loudoun County Health and Human Services,https://www.loudoun.gov/3654/Crisis-Intervention-Team-Assessment-Cent,Loudoun ,Loudoun,In-Person,"102 Heritage Way NE, Leesburg, VA 20176, USA"
Loudoun,Employment ,"Employment Services, MHSADS",TAYs,Yes,18-24,Resident of Loudoun County ,Helps people obtain and keep competitive employment positions in the community.,39.09775264,-77.53903685,Leesburg,Loudoun County Health and Human Services,https://www.loudoun.gov/1386/Employment-Services,Loudoun ,Loudoun,In-Person,"904 Trailview Blvd SE, Leesburg, VA 20175, USA"
Loudoun,Employment ,"Day Services, MHSADS",TAYs,Yes,18-24,Resident of Loudoun County; Intellectual disabilities ,"Help residents with severe intellectual disabilities to volunteer, work, or take part in their community",39.09775264,-77.53903685,Leesburg,Loudoun County Health and Human Services,https://www.loudoun.gov/1387/Day-Support-Services,Loudoun ,Loudoun,In-Person,"904 Trailview Blvd SE, Leesburg, VA 20175, USA"
Loudoun,Housing,Mobile Hope,TAYs,Yes,<24,Struggling with homelessness up to age 24,"Emergency shelter to youth up to age 24 who are at-risk, precariously housed or homeless",39.11030875,-77.55699653,Leesburg,Mobile Hope,https://mobile-hope.org/,Loudoun ,"Loudoun, Online ",In-Person,"304 Parker Ct SE, Leesburg, VA 20175, USA"
Loudoun,Education,"Mobile Hope, Empowerment Services",TAYs,Yes,<24,Struggling with homelessness up to age 24,Collaborate with at-risk youth to address the barriers to self-sufficiency and plan for independence,39.11030875,-77.55699653,Leesburg,Mobile Hope,https://mobile-hope.org/,Loudoun ,"Loudoun, Online ",In-Person,"304 Parker Ct SE, Leesburg, VA 20175, USA"
Loudoun,Housing,Loudoun Cares,TAYs,No,Any age ,All Loudoun County residents in need of critical aid ,"Connects you with over 500 local programs to provide  food, clothing, housing, utility/rental assistance, etc.",39.11333599,-77.56636264,Leesburg,Loudoun Cares ,https://www.loudouncares.org/,Loudoun ,"Loudoun, Online ",Mixed,"5 Royal St SW, Leesburg, VA 20175, USA"
Loudoun,Employment ,Loudoun Cares,TAYs,No,Any age ,All Loudoun County residents in need of critical aid ,"Connects you with specialized assistance in finding training, furniture, car repair, etc. ",39.11333599,-77.56636264,Leesburg,Loudoun Cares ,https://www.loudouncares.org/,Loudoun ,"Loudoun, Online ",Mixed,"5 Royal St SW, Leesburg, VA 20175, USA"
Loudoun,Employment ,"Mobile Hope, Handcuffs to Hope ",Juvenile Detention,Yes,18-24,Incarcerated youth who exit jail homeless,"Three to six months before release, meet with incarcerated youth who will exit jail homeless to develop a plan for self-sufficiency",39.11030875,-77.55699653,Leesburg,Mobile Hope,https://mobile-hope.org/,Loudoun ,"Loudoun, Online ",In-Person,"304 Parker Ct SE, Leesburg, VA 20175, USA"
