"Juvenile Intake Cases by Race, FY 2018-2020*",,,,,,,,,,,,,,,,,,,,,
CSU,FIPS,RACE,FY18 %,FY19 %,FY20 %,FY18 #,FY19 #,FY20 #,,,,,,,,,,,,,
1,550,Asian,0.6%,1.3%,1.4%,5,11,9,,"* During FY 2018, Bland County (FIPS 021) and Giles County (FIPS 071) were part of CSU 29. Effective in FY 2019, these localities are part of CSU 27 and all data is presented under CSU 27.",,,,,,,,,,,
1,550,Black,54.2%,57.8%,57.9%,493,481,369,,,,,,,,,,,,,
1,550,White,39.6%,35.8%,36.3%,360,298,231,,,,,,,,,,,,,
1,550,Other/Unknown,5.6%,5.0%,4.4%,51,42,28,,,,,,,,,,,,,
2,810,Asian,1.9%,1.7%,2.2%,25,21,25,,,,,,,,,,,,,
2,810,Black,49.0%,45.3%,49.5%,653,554,573,,,,,,,,,,,,,
2,810,White,43.9%,40.4%,41.8%,586,494,484,,,,,,,,,,,,,
2,810,Other/Unknown,5.2%,12.5%,6.6%,70,153,76,,,,,,,,,,,,,
2A,001,Asian,0.0%,0.0%,0.0%,0,0,0,,,,,,,,,,,,,
2A,001,Black,39.1%,36.9%,53.4%,52,55,62,,,,,,,,,,,,,
2A,001,White,28.6%,35.6%,28.4%,38,53,33,,,,,,,,,,,,,
2A,001,Other/Unknown,32.3%,27.5%,18.1%,43,41,21,,,,,,,,,,,,,
2A,131,Asian,0.0%,0.0%,0.0%,0,0,0,,,,,,,,,,,,,
2A,131,Black,49.5%,58.6%,65.4%,48,58,53,,,,,,,,,,,,,
2A,131,White,33.0%,34.3%,29.6%,32,34,24,,,,,,,,,,,,,
2A,131,Other/Unknown,17.5%,7.1%,4.9%,17,7,4,,,,,,,,,,,,,
3,740,Asian,0.3%,0.0%,0.2%,2,0,1,,,,,,,,,,,,,
3,740,Black,86.6%,84.2%,83.9%,502,373,454,,,,,,,,,,,,,
3,740,White,11.9%,13.8%,12.9%,69,61,70,,,,,,,,,,,,,
3,740,Other/Unknown,1.2%,2.0%,3.0%,7,9,16,,,,,,,,,,,,,
4,710,Asian,0.6%,0.3%,0.8%,13,3,9,,,,,,,,,,,,,
4,710,Black,73.8%,71.6%,73.5%,"1,637",830,844,,,,,,,,,,,,,
4,710,White,16.9%,21.5%,20.1%,374,249,231,,,,,,,,,,,,,
4,710,Other/Unknown,8.8%,6.7%,5.7%,195,78,65,,,,,,,,,,,,,
5,093,Asian,0.0%,1.4%,2.1%,0,1,1,,,,,,,,,,,,,
5,093,Black,47.6%,47.2%,44.7%,39,34,21,,,,,,,,,,,,,
5,093,White,46.3%,47.2%,42.6%,38,34,20,,,,,,,,,,,,,
5,093,Other/Unknown,6.1%,4.2%,10.6%,5,3,5,,,,,,,,,,,,,
5,175,Asian,0.0%,0.0%,2.3%,0,0,1,,,,,,,,,,,,,
5,175,Black,59.3%,60.0%,53.5%,16,24,23,,,,,,,,,,,,,
5,175,White,33.3%,37.5%,41.9%,9,15,18,,,,,,,,,,,,,
5,175,Other/Unknown,7.4%,2.5%,2.3%,2,1,1,,,,,,,,,,,,,
5,620,Asian,0.0%,0.0%,0.0%,0,0,0,,,,,,,,,,,,,
5,620,Black,81.4%,88.1%,89.5%,35,37,17,,,,,,,,,,,,,
5,620,White,7.0%,9.5%,10.5%,3,4,2,,,,,,,,,,,,,
5,620,Other/Unknown,11.6%,2.4%,0.0%,5,1,0,,,,,,,,,,,,,
5,800,Asian,0.0%,0.0%,0.3%,0,0,1,,,,,,,,,,,,,
5,800,Black,77.4%,78.2%,83.3%,267,297,314,,,,,,,,,,,,,
5,800,White,21.2%,17.6%,15.4%,73,67,58,,,,,,,,,,,,,
5,800,Other/Unknown,1.4%,4.2%,1.1%,5,16,4,,,,,,,,,,,,,
6,025,Asian,0.0%,0.0%,0.0%,0,0,0,,,,,,,,,,,,,
6,025,Black,78.7%,70.6%,65.4%,37,24,17,,,,,,,,,,,,,
6,025,White,21.3%,17.6%,19.2%,10,6,5,,,,,,,,,,,,,
6,025,Other/Unknown,0.0%,11.8%,15.4%,0,4,4,,,,,,,,,,,,,
6,081,Asian,0.0%,0.0%,0.0%,0,0,0,,,,,,,,,,,,,
6,081,Black,78.9%,77.8%,69.6%,45,28,16,,,,,,,,,,,,,
6,081,White,14.0%,19.4%,17.4%,8,7,4,,,,,,,,,,,,,
6,081,Other/Unknown,7.0%,2.8%,13.0%,4,1,3,,,,,,,,,,,,,
6,149,Asian,0.0%,0.0%,0.0%,0,0,0,,,,,,,,,,,,,
6,149,Black,44.9%,58.3%,49.2%,53,67,32,,,,,,,,,,,,,
6,149,White,50.8%,41.7%,50.8%,60,48,33,,,,,,,,,,,,,
6,149,Other/Unknown,4.2%,0.0%,0.0%,5,0,0,,,,,,,,,,,,,
6,181,Asian,0.0%,0.0%,0.0%,0,0,0,,,,,,,,,,,,,
6,181,Black,69.2%,81.8%,100.0%,9,9,2,,,,,,,,,,,,,
6,181,White,30.8%,18.2%,0.0%,4,2,0,,,,,,,,,,,,,
6,181,Other/Unknown,0.0%,0.0%,0.0%,0,0,0,,,,,,,,,,,,,
6,183,Asian,0.0%,0.0%,0.0%,0,0,0,,,,,,,,,,,,,
6,183,Black,69.7%,58.3%,75.0%,23,21,15,,,,,,,,,,,,,
6,183,White,24.2%,27.8%,15.0%,8,10,3,,,,,,,,,,,,,
6,183,Other/Unknown,6.1%,13.9%,10.0%,2,5,2,,,,,,,,,,,,,
6,595,Asian,0.0%,0.0%,0.0%,0,0,0,,,,,,,,,,,,,
6,595,Black,86.7%,89.7%,89.1%,65,52,49,,,,,,,,,,,,,
6,595,White,9.3%,6.9%,1.8%,7,4,1,,,,,,,,,,,,,
6,595,Other/Unknown,4.0%,3.4%,9.1%,3,2,5,,,,,,,,,,,,,
6,670,Asian,0.0%,0.0%,0.0%,0,0,0,,,,,,,,,,,,,
6,670,Black,68.4%,67.4%,79.7%,162,159,161,,,,,,,,,,,,,
6,670,White,22.8%,27.5%,15.3%,54,65,31,,,,,,,,,,,,,
6,670,Other/Unknown,8.9%,5.1%,5.0%,21,12,10,,,,,,,,,,,,,
7,700,Asian,0.8%,0.5%,0.9%,11,6,11,,,,,,,,,,,,,
7,700,Black,64.7%,66.1%,63.2%,941,875,779,,,,,,,,,,,,,
7,700,White,28.0%,26.1%,25.5%,408,346,315,,,,,,,,,,,,,
7,700,Other/Unknown,6.5%,7.3%,10.4%,95,97,128,,,,,,,,,,,,,
8,650,Asian,0.7%,0.2%,0.3%,7,2,2,,,,,,,,,,,,,
8,650,Black,74.8%,73.8%,79.5%,778,680,499,,,,,,,,,,,,,
8,650,White,14.6%,13.6%,11.3%,152,125,71,,,,,,,,,,,,,
8,650,Other/Unknown,9.9%,12.5%,8.9%,103,115,56,,,,,,,,,,,,,
9,036,Asian,0.0%,0.0%,0.0%,0,0,0,,,,,,,,,,,,,
9,036,Black,41.7%,80.0%,9.1%,5,4,1,,,,,,,,,,,,,
9,036,White,50.0%,20.0%,90.9%,6,1,10,,,,,,,,,,,,,
9,036,Other/Unknown,8.3%,0.0%,0.0%,1,0,0,,,,,,,,,,,,,
9,073,Asian,0.0%,0.0%,0.0%,0,0,0,,,,,,,,,,,,,
9,073,Black,9.8%,12.7%,10.0%,15,10,10,,,,,,,,,,,,,
9,073,White,83.0%,79.7%,78.0%,127,63,78,,,,,,,,,,,,,
9,073,Other/Unknown,7.2%,7.6%,12.0%,11,6,12,,,,,,,,,,,,,
9,095,Asian,0.0%,0.3%,0.4%,0,1,1,,,,,,,,,,,,,
9,095,Black,40.3%,40.1%,39.9%,98,117,95,,,,,,,,,,,,,
9,095,White,51.9%,53.1%,52.1%,126,155,124,,,,,,,,,,,,,
9,095,Other/Unknown,7.8%,6.5%,7.6%,19,19,18,,,,,,,,,,,,,
9,097,Asian,0.0%,0.0%,0.0%,0,0,0,,,,,,,,,,,,,
9,097,Black,25.9%,50.0%,66.7%,7,7,12,,,,,,,,,,,,,
9,097,White,70.4%,21.4%,27.8%,19,3,5,,,,,,,,,,,,,
9,097,Other/Unknown,3.7%,28.6%,5.6%,1,4,1,,,,,,,,,,,,,
9,101,Asian,0.0%,0.0%,0.0%,0,0,0,,,,,,,,,,,,,
9,101,Black,25.4%,31.9%,32.4%,15,15,12,,,,,,,,,,,,,
9,101,White,71.2%,59.6%,56.8%,42,28,21,,,,,,,,,,,,,
9,101,Other/Unknown,3.4%,8.5%,10.8%,2,4,4,,,,,,,,,,,,,
9,115,Asian,0.0%,0.0%,6.3%,0,0,1,,,,,,,,,,,,,
9,115,Black,11.4%,10.2%,18.8%,8,5,3,,,,,,,,,,,,,
9,115,White,75.7%,79.6%,68.8%,53,39,11,,,,,,,,,,,,,
9,115,Other/Unknown,12.9%,10.2%,6.3%,9,5,1,,,,,,,,,,,,,
9,119,Asian,0.0%,0.0%,0.0%,0,0,0,,,,,,,,,,,,,
9,119,Black,23.2%,29.3%,0.0%,13,12,0,,,,,,,,,,,,,
9,119,White,75.0%,61.0%,84.6%,42,25,11,,,,,,,,,,,,,
9,119,Other/Unknown,1.8%,9.8%,15.4%,1,4,2,,,,,,,,,,,,,
9,127,Asian,0.0%,1.9%,0.0%,0,2,0,,,,,,,,,,,,,
9,127,Black,19.2%,25.5%,25.2%,15,27,35,,,,,,,,,,,,,
9,127,White,74.4%,67.9%,70.5%,58,72,98,,,,,,,,,,,,,
9,127,Other/Unknown,6.4%,4.7%,4.3%,5,5,6,,,,,,,,,,,,,
9,199,Asian,1.0%,1.8%,0.6%,2,3,1,,,,,,,,,,,,,
9,199,Black,27.8%,31.7%,32.3%,58,53,50,,,,,,,,,,,,,
9,199,White,65.6%,62.3%,62.6%,137,104,97,,,,,,,,,,,,,
9,199,Other/Unknown,5.7%,4.2%,4.5%,12,7,7,,,,,,,,,,,,,
9,735,Asian,0.0%,0.0%,0.0%,0,0,0,,,,,,,,,,,,,
9,735,Black,9.3%,13.0%,5.6%,5,7,1,,,,,,,,,,,,,
9,735,White,85.2%,87.0%,94.4%,46,47,17,,,,,,,,,,,,,
9,735,Other/Unknown,5.6%,0.0%,0.0%,3,0,0,,,,,,,,,,,,,
9,830,Asian,0.0%,0.0%,0.0%,0,0,0,,,,,,,,,,,,,
9,830,Black,50.8%,66.0%,53.8%,32,31,14,,,,,,,,,,,,,
9,830,White,34.9%,34.0%,46.2%,22,16,12,,,,,,,,,,,,,
9,830,Other/Unknown,14.3%,0.0%,0.0%,9,0,0,,,,,,,,,,,,,
10,011,Asian,1.4%,1.0%,0.0%,2,1,0,,,,,,,,,,,,,
10,011,Black,35.2%,37.9%,42.2%,50,39,27,,,,,,,,,,,,,
10,011,White,57.0%,49.5%,51.6%,81,51,33,,,,,,,,,,,,,
10,011,Other/Unknown,6.3%,11.7%,6.3%,9,12,4,,,,,,,,,,,,,
10,029,Asian,0.0%,0.0%,0.0%,0,0,0,,,,,,,,,,,,,
10,029,Black,35.5%,48.4%,54.3%,22,31,19,,,,,,,,,,,,,
10,029,White,41.9%,35.9%,34.3%,26,23,12,,,,,,,,,,,,,
10,029,Other/Unknown,22.6%,15.6%,11.4%,14,10,4,,,,,,,,,,,,,
10,037,Asian,0.0%,0.0%,0.0%,0,0,0,,,,,,,,,,,,,
10,037,Black,35.9%,36.1%,17.6%,14,13,3,,,,,,,,,,,,,
10,037,White,61.5%,58.3%,64.7%,24,21,11,,,,,,,,,,,,,
10,037,Other/Unknown,2.6%,5.6%,17.6%,1,2,3,,,,,,,,,,,,,
10,049,Asian,0.0%,0.0%,0.0%,0,0,0,,,,,,,,,,,,,
10,049,Black,17.6%,35.0%,40.0%,6,7,10,,,,,,,,,,,,,
10,049,White,70.6%,60.0%,56.0%,24,12,14,,,,,,,,,,,,,
10,049,Other/Unknown,11.8%,5.0%,4.0%,4,1,1,,,,,,,,,,,,,
10,083,Asian,0.0%,0.0%,0.0%,0,0,0,,,,,,,,,,,,,
10,083,Black,58.0%,60.2%,30.2%,98,74,45,,,,,,,,,,,,,
10,083,White,37.3%,26.0%,28.9%,63,32,43,,,,,,,,,,,,,
10,083,Other/Unknown,4.7%,13.8%,40.9%,8,17,61,,,,,,,,,,,,,
10,111,Asian,0.0%,0.0%,0.0%,0,0,0,,,,,,,,,,,,,
10,111,Black,44.6%,42.6%,31.5%,33,46,28,,,,,,,,,,,,,
10,111,White,40.5%,38.9%,48.3%,30,42,43,,,,,,,,,,,,,
10,111,Other/Unknown,14.9%,18.5%,20.2%,11,20,18,,,,,,,,,,,,,
10,117,Asian,0.0%,0.0%,0.0%,0,0,0,,,,,,,,,,,,,
10,117,Black,62.2%,52.1%,51.7%,61,76,46,,,,,,,,,,,,,
10,117,White,29.6%,30.1%,30.3%,29,44,27,,,,,,,,,,,,,
10,117,Other/Unknown,8.2%,17.8%,18.0%,8,26,16,,,,,,,,,,,,,
10,147,Asian,0.0%,0.0%,0.0%,0,0,0,,,,,,,,,,,,,
10,147,Black,66.9%,55.3%,58.3%,83,42,28,,,,,,,,,,,,,
10,147,White,28.2%,28.9%,31.3%,35,22,15,,,,,,,,,,,,,
10,147,Other/Unknown,4.8%,15.8%,10.4%,6,12,5,,,,,,,,,,,,,
11,007,Asian,0.0%,0.0%,0.0%,0,0,0,,,,,,,,,,,,,
11,007,Black,33.3%,40.9%,50.0%,13,18,14,,,,,,,,,,,,,
11,007,White,43.6%,43.2%,39.3%,17,19,11,,,,,,,,,,,,,
11,007,Other/Unknown,23.1%,15.9%,10.7%,9,7,3,,,,,,,,,,,,,
11,053,Asian,0.0%,0.0%,0.0%,0,0,0,,,,,,,,,,,,,
11,053,Black,50.6%,46.5%,58.9%,44,40,33,,,,,,,,,,,,,
11,053,White,47.1%,41.9%,33.9%,41,36,19,,,,,,,,,,,,,
11,053,Other/Unknown,2.3%,11.6%,7.1%,2,10,4,,,,,,,,,,,,,
11,135,Asian,1.3%,0.0%,0.0%,1,0,0,,,,,,,,,,,,,
11,135,Black,62.8%,62.7%,60.5%,49,37,23,,,,,,,,,,,,,
11,135,White,28.2%,25.4%,39.5%,22,15,15,,,,,,,,,,,,,
11,135,Other/Unknown,7.7%,11.9%,0.0%,6,7,0,,,,,,,,,,,,,
11,145,Asian,0.0%,0.0%,0.0%,0,0,0,,,,,,,,,,,,,
11,145,Black,8.6%,26.0%,11.7%,7,13,7,,,,,,,,,,,,,
11,145,White,80.2%,70.0%,86.7%,65,35,52,,,,,,,,,,,,,
11,145,Other/Unknown,11.1%,4.0%,1.7%,9,2,1,,,,,,,,,,,,,
11,730,Asian,0.6%,0.7%,0.0%,3,3,0,,,,,,,,,,,,,
11,730,Black,62.7%,58.8%,58.0%,330,264,192,,,,,,,,,,,,,
11,730,White,30.0%,34.1%,34.4%,158,153,114,,,,,,,,,,,,,
11,730,Other/Unknown,6.7%,6.5%,7.6%,35,29,25,,,,,,,,,,,,,
12,041,Asian,1.5%,0.6%,0.9%,30,10,13,,,,,,,,,,,,,
12,041,Black,48.2%,48.0%,33.6%,946,809,478,,,,,,,,,,,,,
12,041,White,46.3%,48.6%,39.3%,909,818,559,,,,,,,,,,,,,
12,041,Other/Unknown,3.9%,2.8%,26.2%,77,47,373,,,,,,,,,,,,,
12,570,Asian,0.0%,0.9%,0.5%,0,2,1,,,,,,,,,,,,,
12,570,Black,50.7%,48.0%,51.4%,105,108,107,,,,,,,,,,,,,
12,570,White,38.6%,39.6%,27.9%,80,89,58,,,,,,,,,,,,,
12,570,Other/Unknown,10.6%,11.6%,20.2%,22,26,42,,,,,,,,,,,,,
13,760,Asian,0.1%,0.1%,0.1%,1,1,1,,,,,,,,,,,,,
13,760,Black,90.4%,88.0%,84.0%,965,945,668,,,,,,,,,,,,,
13,760,White,5.1%,7.2%,11.7%,54,77,93,,,,,,,,,,,,,
13,760,Other/Unknown,4.5%,4.7%,4.2%,48,51,33,,,,,,,,,,,,,
14,087,Asian,1.2%,1.4%,1.6%,16,18,20,,,,,,,,,,,,,
14,087,Black,68.2%,65.1%,60.5%,920,850,749,,,,,,,,,,,,,
14,087,White,25.1%,29.4%,33.8%,339,384,419,,,,,,,,,,,,,
14,087,Other/Unknown,5.4%,4.1%,4.0%,73,54,50,,,,,,,,,,,,,
15,033,Asian,0.0%,0.0%,2.2%,0,0,2,,,,,,,,,,,,,
15,033,Black,24.2%,44.9%,39.6%,30,53,36,,,,,,,,,,,,,
15,033,White,67.7%,49.2%,52.7%,84,58,48,,,,,,,,,,,,,
15,033,Other/Unknown,8.1%,5.9%,5.5%,10,7,5,,,,,,,,,,,,,
15,057,Asian,0.0%,0.0%,0.0%,0,0,0,,,,,,,,,,,,,
15,057,Black,45.2%,53.6%,38.7%,14,30,24,,,,,,,,,,,,,
15,057,White,32.3%,32.1%,53.2%,10,18,33,,,,,,,,,,,,,
15,057,Other/Unknown,22.6%,14.3%,8.1%,7,8,5,,,,,,,,,,,,,
15,085,Asian,0.0%,0.0%,0.6%,0,0,2,,,,,,,,,,,,,
15,085,Black,28.7%,25.9%,24.4%,104,108,76,,,,,,,,,,,,,
15,085,White,64.2%,69.8%,70.4%,233,291,219,,,,,,,,,,,,,
15,085,Other/Unknown,7.2%,4.3%,4.5%,26,18,14,,,,,,,,,,,,,
15,099,Asian,0.0%,1.0%,1.4%,0,1,1,,,,,,,,,,,,,
15,099,Black,34.7%,32.7%,33.8%,42,33,25,,,,,,,,,,,,,
15,099,White,53.7%,60.4%,54.1%,65,61,40,,,,,,,,,,,,,
15,099,Other/Unknown,11.6%,5.9%,10.8%,14,6,8,,,,,,,,,,,,,
15,103,Asian,0.0%,0.0%,0.0%,0,0,0,,,,,,,,,,,,,
15,103,Black,55.9%,42.3%,18.8%,33,22,6,,,,,,,,,,,,,
15,103,White,30.5%,30.8%,28.1%,18,16,9,,,,,,,,,,,,,
15,103,Other/Unknown,13.6%,26.9%,53.1%,8,14,17,,,,,,,,,,,,,
15,133,Asian,0.0%,0.0%,0.0%,0,0,0,,,,,,,,,,,,,
15,133,Black,40.9%,38.5%,60.0%,18,15,24,,,,,,,,,,,,,
15,133,White,52.3%,53.8%,27.5%,23,21,11,,,,,,,,,,,,,
15,133,Other/Unknown,6.8%,7.7%,12.5%,3,3,5,,,,,,,,,,,,,
15,159,Asian,0.0%,0.0%,0.0%,0,0,0,,,,,,,,,,,,,
15,159,Black,72.2%,44.4%,36.4%,13,4,4,,,,,,,,,,,,,
15,159,White,27.8%,22.2%,63.6%,5,2,7,,,,,,,,,,,,,
15,159,Other/Unknown,0.0%,33.3%,0.0%,0,3,0,,,,,,,,,,,,,
15,177,Asian,1.3%,0.0%,0.3%,5,0,1,,,,,,,,,,,,,
15,177,Black,34.3%,36.5%,37.2%,132,145,107,,,,,,,,,,,,,
15,177,White,57.9%,49.1%,49.7%,223,195,143,,,,,,,,,,,,,
15,177,Other/Unknown,6.5%,14.4%,12.8%,25,57,37,,,,,,,,,,,,,
15,179,Asian,0.4%,0.2%,0.4%,2,1,2,,,,,,,,,,,,,
15,179,Black,34.0%,31.7%,40.3%,182,166,207,,,,,,,,,,,,,
15,179,White,45.0%,48.3%,47.1%,241,253,242,,,,,,,,,,,,,
15,179,Other/Unknown,20.6%,19.8%,12.3%,110,104,63,,,,,,,,,,,,,
15,193,Asian,0.0%,0.0%,0.0%,0,0,0,,,,,,,,,,,,,
15,193,Black,48.4%,30.4%,36.1%,30,24,22,,,,,,,,,,,,,
15,193,White,43.5%,51.9%,45.9%,27,41,28,,,,,,,,,,,,,
15,193,Other/Unknown,8.1%,17.7%,18.0%,5,14,11,,,,,,,,,,,,,
15,630,Asian,0.8%,1.5%,1.4%,2,4,3,,,,,,,,,,,,,
15,630,Black,37.6%,41.4%,40.5%,92,110,87,,,,,,,,,,,,,
15,630,White,53.5%,44.7%,40.0%,131,119,86,,,,,,,,,,,,,
15,630,Other/Unknown,8.2%,12.4%,18.1%,20,33,39,,,,,,,,,,,,,
16,003,Asian,0.7%,0.0%,0.5%,2,0,1,,,,,,,,,,,,,
16,003,Black,31.3%,36.4%,33.5%,86,102,72,,,,,,,,,,,,,
16,003,White,54.5%,47.1%,56.3%,150,132,121,,,,,,,,,,,,,
16,003,Other/Unknown,13.5%,16.4%,9.8%,37,46,21,,,,,,,,,,,,,
16,047,Asian,0.0%,0.0%,0.0%,0,0,0,,,,,,,,,,,,,
16,047,Black,28.8%,27.4%,24.3%,98,75,44,,,,,,,,,,,,,
16,047,White,50.3%,51.1%,51.4%,171,140,93,,,,,,,,,,,,,
16,047,Other/Unknown,20.9%,21.5%,24.3%,71,59,44,,,,,,,,,,,,,
16,065,Asian,1.8%,2.4%,0.0%,1,1,0,,,,,,,,,,,,,
16,065,Black,15.8%,23.8%,20.0%,9,10,10,,,,,,,,,,,,,
16,065,White,70.2%,66.7%,76.0%,40,28,38,,,,,,,,,,,,,
16,065,Other/Unknown,12.3%,7.1%,4.0%,7,3,2,,,,,,,,,,,,,
16,075,Asian,0.0%,2.2%,0.0%,0,1,0,,,,,,,,,,,,,
16,075,Black,21.9%,13.3%,20.0%,14,6,9,,,,,,,,,,,,,
16,075,White,73.4%,82.2%,66.7%,47,37,30,,,,,,,,,,,,,
16,075,Other/Unknown,4.7%,2.2%,13.3%,3,1,6,,,,,,,,,,,,,
16,079,Asian,0.0%,1.3%,1.1%,0,1,1,,,,,,,,,,,,,
16,079,Black,21.1%,19.7%,17.0%,20,15,15,,,,,,,,,,,,,
16,079,White,77.9%,69.7%,67.0%,74,53,59,,,,,,,,,,,,,
16,079,Other/Unknown,1.1%,9.2%,14.8%,1,7,13,,,,,,,,,,,,,
16,109,Asian,0.0%,0.0%,0.0%,0,0,0,,,,,,,,,,,,,
16,109,Black,22.3%,14.0%,19.0%,29,27,19,,,,,,,,,,,,,
16,109,White,63.1%,56.0%,63.0%,82,108,63,,,,,,,,,,,,,
16,109,Other/Unknown,14.6%,30.1%,18.0%,19,58,18,,,,,,,,,,,,,
16,113,Asian,0.0%,0.0%,2.4%,0,0,1,,,,,,,,,,,,,
16,113,Black,16.3%,16.3%,23.8%,8,7,10,,,,,,,,,,,,,
16,113,White,73.5%,69.8%,64.3%,36,30,27,,,,,,,,,,,,,
16,113,Other/Unknown,10.2%,14.0%,9.5%,5,6,4,,,,,,,,,,,,,
16,137,Asian,0.0%,0.0%,0.0%,0,0,0,,,,,,,,,,,,,
16,137,Black,24.5%,27.1%,29.1%,35,38,34,,,,,,,,,,,,,
16,137,White,62.2%,57.1%,59.8%,89,80,70,,,,,,,,,,,,,
16,137,Other/Unknown,13.3%,15.7%,11.1%,19,22,13,,,,,,,,,,,,,
16,540,Asian,3.8%,0.8%,0.0%,6,1,0,,,,,,,,,,,,,
16,540,Black,52.9%,64.7%,77.4%,83,86,96,,,,,,,,,,,,,
16,540,White,21.0%,12.0%,16.9%,33,16,21,,,,,,,,,,,,,
16,540,Other/Unknown,22.3%,22.6%,5.6%,35,30,7,,,,,,,,,,,,,
17,013,Asian,3.3%,2.5%,3.3%,21,14,15,,,,,,,,,,,,,
17,013,Black,42.7%,43.1%,49.5%,270,245,225,,,,,,,,,,,,,
17,013,White,49.6%,52.7%,43.7%,314,300,199,,,,,,,,,,,,,
17,013,Other/Unknown,4.4%,1.8%,3.5%,28,10,16,,,,,,,,,,,,,
17,610,Asian,6.3%,6.8%,5.9%,3,5,2,,,,,,,,,,,,,
17,610,Black,16.7%,6.8%,2.9%,8,5,1,,,,,,,,,,,,,
17,610,White,72.9%,75.3%,85.3%,35,55,29,,,,,,,,,,,,,
17,610,Other/Unknown,4.2%,11.0%,5.9%,2,8,2,,,,,,,,,,,,,
18,510,Asian,0.2%,0.6%,1.0%,1,3,4,,,,,,,,,,,,,
18,510,Black,32.6%,41.7%,39.9%,191,201,165,,,,,,,,,,,,,
18,510,White,61.4%,52.1%,53.4%,360,251,221,,,,,,,,,,,,,
18,510,Other/Unknown,5.8%,5.6%,5.8%,34,27,24,,,,,,,,,,,,,
19,059,Asian,3.4%,4.7%,4.9%,86,111,109,,,,,,,,,,,,,
19,059,Black,30.4%,28.4%,30.1%,761,678,676,,,,,,,,,,,,,
19,059,White,56.9%,56.4%,57.6%,"1,426","1,344","1,293",,,,,,,,,,,,,
19,059,Other/Unknown,9.3%,10.6%,7.5%,233,252,168,,,,,,,,,,,,,
20L,107,Asian,3.4%,5.4%,5.7%,39,50,52,,,,,,,,,,,,,
20L,107,Black,16.7%,15.1%,15.1%,190,140,138,,,,,,,,,,,,,
20L,107,White,70.9%,73.1%,73.6%,806,677,672,,,,,,,,,,,,,
20L,107,Other/Unknown,9.0%,6.4%,5.6%,102,59,51,,,,,,,,,,,,,
20W,061,Asian,0.6%,0.7%,1.3%,1,1,2,,,,,,,,,,,,,
20W,061,Black,23.0%,15.1%,23.4%,38,23,36,,,,,,,,,,,,,
20W,061,White,66.7%,67.8%,67.5%,110,103,104,,,,,,,,,,,,,
20W,061,Other/Unknown,9.7%,16.4%,7.8%,16,25,12,,,,,,,,,,,,,
20W,157,Asian,0.0%,0.0%,0.0%,0,0,0,,,,,,,,,,,,,
20W,157,Black,13.0%,13.8%,16.0%,3,4,4,,,,,,,,,,,,,
20W,157,White,82.6%,65.5%,84.0%,19,19,21,,,,,,,,,,,,,
20W,157,Other/Unknown,4.3%,20.7%,0.0%,1,6,0,,,,,,,,,,,,,
21,089,Asian,0.0%,0.0%,0.0%,0,0,0,,,,,,,,,,,,,
21,089,Black,19.5%,25.0%,38.8%,45,61,57,,,,,,,,,,,,,
21,089,White,66.2%,59.0%,57.8%,153,144,85,,,,,,,,,,,,,
21,089,Other/Unknown,14.3%,16.0%,3.4%,33,39,5,,,,,,,,,,,,,
21,141,Asian,0.0%,0.0%,0.0%,0,0,0,,,,,,,,,,,,,
21,141,Black,12.4%,17.2%,14.3%,12,10,4,,,,,,,,,,,,,
21,141,White,75.3%,77.6%,78.6%,73,45,22,,,,,,,,,,,,,
21,141,Other/Unknown,12.4%,5.2%,7.1%,12,3,2,,,,,,,,,,,,,
21,690,Asian,0.4%,0.0%,0.0%,1,0,0,,,,,,,,,,,,,
21,690,Black,63.0%,63.6%,68.5%,148,98,61,,,,,,,,,,,,,
21,690,White,18.7%,24.0%,24.7%,44,37,22,,,,,,,,,,,,,
21,690,Other/Unknown,17.9%,12.3%,6.7%,42,19,6,,,,,,,,,,,,,
22,067,Asian,0.0%,0.0%,0.0%,0,0,0,,,,,,,,,,,,,
22,067,Black,9.9%,12.6%,16.0%,54,57,60,,,,,,,,,,,,,
22,067,White,75.1%,74.6%,75.7%,410,338,283,,,,,,,,,,,,,
22,067,Other/Unknown,15.0%,12.8%,8.3%,82,58,31,,,,,,,,,,,,,
22,143,Asian,0.0%,0.0%,0.0%,0,0,0,,,,,,,,,,,,,
22,143,Black,26.0%,25.8%,20.2%,64,48,58,,,,,,,,,,,,,
22,143,White,67.5%,69.4%,76.3%,166,129,219,,,,,,,,,,,,,
22,143,Other/Unknown,6.5%,4.8%,3.5%,16,9,10,,,,,,,,,,,,,
22,590,Asian,0.0%,0.0%,0.0%,0,0,0,,,,,,,,,,,,,
22,590,Black,75.6%,73.5%,72.3%,343,263,235,,,,,,,,,,,,,
22,590,White,18.1%,20.9%,21.5%,82,75,70,,,,,,,,,,,,,
22,590,Other/Unknown,6.4%,5.6%,6.2%,29,20,20,,,,,,,,,,,,,
23,161,Asian,0.9%,0.7%,2.3%,6,4,17,,,,,,,,,,,,,
23,161,Black,16.4%,14.7%,19.6%,106,89,146,,,,,,,,,,,,,
23,161,White,61.3%,68.8%,73.2%,396,417,546,,,,,,,,,,,,,
23,161,Other/Unknown,21.4%,15.8%,5.0%,138,96,37,,,,,,,,,,,,,
23,775,Asian,0.0%,0.7%,0.6%,0,1,1,,,,,,,,,,,,,
23,775,Black,20.9%,34.0%,40.8%,45,51,71,,,,,,,,,,,,,
23,775,White,61.4%,52.7%,53.4%,132,79,93,,,,,,,,,,,,,
23,775,Other/Unknown,17.7%,12.7%,5.2%,38,19,9,,,,,,,,,,,,,
23A,770,Asian,0.4%,0.3%,0.5%,3,2,3,,,,,,,,,,,,,
23A,770,Black,61.6%,64.5%,59.2%,473,477,366,,,,,,,,,,,,,
23A,770,White,33.3%,29.1%,32.4%,256,215,200,,,,,,,,,,,,,
23A,770,Other/Unknown,4.7%,6.1%,7.9%,36,45,49,,,,,,,,,,,,,
24,009,Asian,0.0%,0.0%,0.0%,0,0,0,,,,,,,,,,,,,
24,009,Black,30.8%,24.0%,24.2%,49,30,23,,,,,,,,,,,,,
24,009,White,61.0%,58.4%,65.3%,97,73,62,,,,,,,,,,,,,
24,009,Other/Unknown,8.2%,17.6%,10.5%,13,22,10,,,,,,,,,,,,,
24,019,Asian,1.1%,0.3%,0.7%,5,1,2,,,,,,,,,,,,,
24,019,Black,11.1%,13.7%,13.2%,52,53,39,,,,,,,,,,,,,
24,019,White,75.7%,74.7%,78.4%,355,289,232,,,,,,,,,,,,,
24,019,Other/Unknown,12.2%,11.4%,7.8%,57,44,23,,,,,,,,,,,,,
24,031,Asian,0.0%,0.0%,0.0%,0,0,0,,,,,,,,,,,,,
24,031,Black,16.8%,23.4%,23.8%,23,33,29,,,,,,,,,,,,,
24,031,White,67.9%,61.7%,58.2%,93,87,71,,,,,,,,,,,,,
24,031,Other/Unknown,15.3%,14.9%,18.0%,21,21,22,,,,,,,,,,,,,
24,125,Asian,0.0%,0.0%,1.0%,0,0,1,,,,,,,,,,,,,
24,125,Black,17.1%,13.6%,14.4%,14,11,15,,,,,,,,,,,,,
24,125,White,79.3%,86.4%,75.0%,65,70,78,,,,,,,,,,,,,
24,125,Other/Unknown,3.7%,0.0%,9.6%,3,0,10,,,,,,,,,,,,,
24,680,Asian,0.6%,0.4%,0.2%,4,3,1,,,,,,,,,,,,,
24,680,Black,65.2%,69.3%,71.4%,469,494,436,,,,,,,,,,,,,
24,680,White,24.5%,22.3%,21.4%,176,159,131,,,,,,,,,,,,,
24,680,Other/Unknown,9.7%,8.0%,7.0%,70,57,43,,,,,,,,,,,,,
25,005,Asian,0.0%,0.0%,0.0%,0,0,0,,,,,,,,,,,,,
25,005,Black,6.7%,5.4%,6.3%,8,6,5,,,,,,,,,,,,,
25,005,White,60.5%,54.5%,88.6%,72,61,70,,,,,,,,,,,,,
25,005,Other/Unknown,32.8%,40.2%,5.1%,39,45,4,,,,,,,,,,,,,
25,015,Asian,0.0%,0.0%,0.0%,0,0,0,,,,,,,,,,,,,
25,015,Black,5.9%,8.6%,8.8%,17,21,15,,,,,,,,,,,,,
25,015,White,80.7%,73.5%,83.5%,234,180,142,,,,,,,,,,,,,
25,015,Other/Unknown,13.4%,18.0%,7.6%,39,44,13,,,,,,,,,,,,,
25,017,Asian,0.0%,0.0%,0.0%,0,0,0,,,,,,,,,,,,,
25,017,Black,0.0%,0.0%,0.0%,0,0,0,,,,,,,,,,,,,
25,017,White,100.0%,50.0%,100.0%,4,3,10,,,,,,,,,,,,,
25,017,Other/Unknown,0.0%,50.0%,0.0%,0,3,0,,,,,,,,,,,,,
25,023,Asian,0.0%,0.8%,1.9%,0,1,2,,,,,,,,,,,,,
25,023,Black,4.0%,9.5%,8.7%,5,12,9,,,,,,,,,,,,,
25,023,White,70.2%,76.2%,80.6%,87,96,83,,,,,,,,,,,,,
25,023,Other/Unknown,25.8%,13.5%,8.7%,32,17,9,,,,,,,,,,,,,
25,045,Asian,0.0%,0.0%,0.0%,0,0,0,,,,,,,,,,,,,
25,045,Black,7.4%,0.0%,7.7%,2,0,2,,,,,,,,,,,,,
25,045,White,81.5%,100.0%,92.3%,22,26,24,,,,,,,,,,,,,
25,045,Other/Unknown,11.1%,0.0%,0.0%,3,0,0,,,,,,,,,,,,,
25,091,Asian,0.0%,0.0%,0.0%,0,0,0,,,,,,,,,,,,,
25,091,Black,0.0%,0.0%,0.0%,0,0,0,,,,,,,,,,,,,
25,091,White,60.0%,46.2%,66.7%,3,6,2,,,,,,,,,,,,,
25,091,Other/Unknown,40.0%,53.8%,33.3%,2,7,1,,,,,,,,,,,,,
25,163,Asian,0.0%,0.0%,0.0%,0,0,0,,,,,,,,,,,,,
25,163,Black,8.9%,6.6%,4.0%,12,8,4,,,,,,,,,,,,,
25,163,White,80.0%,87.7%,86.1%,108,107,87,,,,,,,,,,,,,
25,163,Other/Unknown,11.1%,5.7%,9.9%,15,7,10,,,,,,,,,,,,,
25,530,Asian,0.0%,0.0%,2.3%,0,0,1,,,,,,,,,,,,,
25,530,Black,3.7%,6.1%,4.5%,3,4,2,,,,,,,,,,,,,
25,530,White,93.9%,86.4%,86.4%,77,57,38,,,,,,,,,,,,,
25,530,Other/Unknown,2.4%,7.6%,6.8%,2,5,3,,,,,,,,,,,,,
25,580,Asian,0.0%,0.0%,0.0%,0,0,0,,,,,,,,,,,,,
25,580,Black,16.7%,5.9%,24.2%,9,3,8,,,,,,,,,,,,,
25,580,White,68.5%,72.5%,66.7%,37,37,22,,,,,,,,,,,,,
25,580,Other/Unknown,14.8%,21.6%,9.1%,8,11,3,,,,,,,,,,,,,
25,678,Asian,0.0%,0.0%,0.0%,0,0,0,,,,,,,,,,,,,
25,678,Black,5.9%,0.0%,0.0%,1,0,0,,,,,,,,,,,,,
25,678,White,94.1%,100.0%,90.0%,16,12,9,,,,,,,,,,,,,
25,678,Other/Unknown,0.0%,0.0%,10.0%,0,0,1,,,,,,,,,,,,,
25,790,Asian,0.0%,0.0%,0.7%,0,0,1,,,,,,,,,,,,,
25,790,Black,26.3%,20.8%,25.2%,50,32,34,,,,,,,,,,,,,
25,790,White,57.9%,63.0%,73.3%,110,97,99,,,,,,,,,,,,,
25,790,Other/Unknown,15.8%,16.2%,0.7%,30,25,1,,,,,,,,,,,,,
25,820,Asian,0.0%,0.5%,0.0%,0,1,0,,,,,,,,,,,,,
25,820,Black,17.9%,28.0%,32.9%,40,53,28,,,,,,,,,,,,,
25,820,White,69.5%,59.3%,45.9%,155,112,39,,,,,,,,,,,,,
25,820,Other/Unknown,12.6%,12.2%,21.2%,28,23,18,,,,,,,,,,,,,
26,043,Asian,0.0%,0.0%,0.0%,0,0,0,,,,,,,,,,,,,
26,043,Black,25.0%,13.3%,10.5%,5,4,2,,,,,,,,,,,,,
26,043,White,70.0%,73.3%,89.5%,14,22,17,,,,,,,,,,,,,
26,043,Other/Unknown,5.0%,13.3%,0.0%,1,4,0,,,,,,,,,,,,,
26,069,Asian,0.3%,0.0%,0.0%,1,0,0,,,,,,,,,,,,,
26,069,Black,14.0%,16.2%,16.4%,40,48,33,,,,,,,,,,,,,
26,069,White,75.2%,73.4%,73.6%,215,218,148,,,,,,,,,,,,,
26,069,Other/Unknown,10.5%,10.4%,10.0%,30,31,20,,,,,,,,,,,,,
26,139,Asian,0.0%,0.0%,0.0%,0,0,0,,,,,,,,,,,,,
26,139,Black,1.7%,0.9%,0.0%,3,1,0,,,,,,,,,,,,,
26,139,White,77.6%,83.8%,96.3%,135,93,104,,,,,,,,,,,,,
26,139,Other/Unknown,20.7%,15.3%,3.7%,36,17,4,,,,,,,,,,,,,
26,165,Asian,0.3%,0.0%,0.5%,1,0,1,,,,,,,,,,,,,
26,165,Black,3.5%,7.4%,6.5%,11,18,12,,,,,,,,,,,,,
26,165,White,90.7%,84.3%,82.6%,284,204,152,,,,,,,,,,,,,
26,165,Other/Unknown,5.4%,8.3%,10.3%,17,20,19,,,,,,,,,,,,,
26,171,Asian,0.3%,0.3%,0.0%,1,1,0,,,,,,,,,,,,,
26,171,Black,12.8%,16.9%,10.7%,46,65,41,,,,,,,,,,,,,
26,171,White,68.1%,72.9%,82.8%,245,280,318,,,,,,,,,,,,,
26,171,Other/Unknown,18.9%,9.9%,6.5%,68,38,25,,,,,,,,,,,,,
26,187,Asian,0.0%,0.0%,0.0%,0,0,0,,,,,,,,,,,,,
26,187,Black,12.5%,10.7%,11.5%,26,30,19,,,,,,,,,,,,,
26,187,White,76.9%,79.3%,73.3%,160,222,121,,,,,,,,,,,,,
26,187,Other/Unknown,10.6%,10.0%,15.2%,22,28,25,,,,,,,,,,,,,
26,660,Asian,0.5%,1.3%,2.0%,1,3,3,,,,,,,,,,,,,
26,660,Black,22.7%,17.7%,19.1%,48,41,29,,,,,,,,,,,,,
26,660,White,69.2%,69.3%,65.1%,146,160,99,,,,,,,,,,,,,
26,660,Other/Unknown,7.6%,11.7%,13.8%,16,27,21,,,,,,,,,,,,,
26,840,Asian,0.0%,0.0%,0.0%,0,0,0,,,,,,,,,,,,,
26,840,Black,32.8%,29.6%,31.8%,76,61,50,,,,,,,,,,,,,
26,840,White,45.7%,54.4%,54.8%,106,112,86,,,,,,,,,,,,,
26,840,Other/Unknown,21.6%,16.0%,13.4%,50,33,21,,,,,,,,,,,,,
27,021,Asian,0.0%,0.0%,0.0%,0,0,0,,,,,,,,,,,,,
27,021,Black,16.7%,0.0%,0.0%,1,0,0,,,,,,,,,,,,,
27,021,White,66.7%,94.4%,88.2%,4,34,15,,,,,,,,,,,,,
27,021,Other/Unknown,16.7%,5.6%,11.8%,1,2,2,,,,,,,,,,,,,
27,035,Asian,0.0%,0.6%,0.0%,0,1,0,,,,,,,,,,,,,
27,035,Black,1.2%,3.2%,6.4%,2,5,6,,,,,,,,,,,,,
27,035,White,67.5%,64.7%,87.2%,114,101,82,,,,,,,,,,,,,
27,035,Other/Unknown,31.4%,31.4%,6.4%,53,49,6,,,,,,,,,,,,,
27,063,Asian,0.0%,0.0%,0.0%,0,0,0,,,,,,,,,,,,,
27,063,Black,2.2%,0.0%,0.0%,1,0,0,,,,,,,,,,,,,
27,063,White,97.8%,96.5%,96.1%,45,55,49,,,,,,,,,,,,,
27,063,Other/Unknown,0.0%,3.5%,3.9%,0,2,2,,,,,,,,,,,,,
27,071,Asian,0.0%,0.0%,0.0%,0,0,0,,,,,,,,,,,,,
27,071,Black,0.0%,3.8%,0.0%,0,3,0,,,,,,,,,,,,,
27,071,White,96.1%,82.1%,95.1%,73,64,39,,,,,,,,,,,,,
27,071,Other/Unknown,3.9%,14.1%,4.9%,3,11,2,,,,,,,,,,,,,
27,077,Asian,0.0%,0.0%,0.0%,0,0,0,,,,,,,,,,,,,
27,077,Black,7.4%,11.4%,5.9%,6,4,2,,,,,,,,,,,,,
27,077,White,58.0%,65.7%,91.2%,47,23,31,,,,,,,,,,,,,
27,077,Other/Unknown,34.6%,22.9%,2.9%,28,8,1,,,,,,,,,,,,,
27,121,Asian,0.0%,0.0%,0.5%,0,0,1,,,,,,,,,,,,,
27,121,Black,12.0%,4.7%,6.4%,30,12,13,,,,,,,,,,,,,
27,121,White,82.4%,85.7%,87.7%,206,221,179,,,,,,,,,,,,,
27,121,Other/Unknown,5.6%,9.7%,5.4%,14,25,11,,,,,,,,,,,,,
27,155,Asian,0.0%,0.0%,0.0%,0,0,0,,,,,,,,,,,,,
27,155,Black,18.2%,13.1%,19.0%,36,26,29,,,,,,,,,,,,,
27,155,White,71.7%,75.4%,76.5%,142,150,117,,,,,,,,,,,,,
27,155,Other/Unknown,10.1%,11.6%,4.6%,20,23,7,,,,,,,,,,,,,
27,197,Asian,0.0%,0.0%,0.0%,0,0,0,,,,,,,,,,,,,
27,197,Black,9.3%,12.7%,6.2%,20,21,8,,,,,,,,,,,,,
27,197,White,86.6%,86.7%,87.6%,187,144,113,,,,,,,,,,,,,
27,197,Other/Unknown,4.2%,0.6%,6.2%,9,1,8,,,,,,,,,,,,,
27,640,Asian,0.0%,0.0%,0.0%,0,0,0,,,,,,,,,,,,,
27,640,Black,16.7%,28.6%,10.8%,15,20,4,,,,,,,,,,,,,
27,640,White,40.0%,47.1%,70.3%,36,33,26,,,,,,,,,,,,,
27,640,Other/Unknown,43.3%,24.3%,18.9%,39,17,7,,,,,,,,,,,,,
27,750,Asian,0.0%,0.0%,0.0%,0,0,0,,,,,,,,,,,,,
27,750,Black,17.6%,18.1%,30.3%,15,13,10,,,,,,,,,,,,,
27,750,White,76.5%,73.6%,57.6%,65,53,19,,,,,,,,,,,,,
27,750,Other/Unknown,5.9%,8.3%,12.1%,5,6,4,,,,,,,,,,,,,
28,173,Asian,0.0%,0.0%,0.0%,0,0,0,,,,,,,,,,,,,
28,173,Black,11.6%,1.9%,22.2%,18,3,26,,,,,,,,,,,,,
28,173,White,84.5%,95.5%,76.9%,131,147,90,,,,,,,,,,,,,
28,173,Other/Unknown,3.9%,2.6%,0.9%,6,4,1,,,,,,,,,,,,,
28,191,Asian,0.0%,0.0%,0.0%,0,0,0,,,,,,,,,,,,,
28,191,Black,2.1%,0.7%,0.9%,4,1,1,,,,,,,,,,,,,
28,191,White,90.1%,85.3%,87.0%,173,122,100,,,,,,,,,,,,,
28,191,Other/Unknown,7.8%,14.0%,12.2%,15,20,14,,,,,,,,,,,,,
28,520,Asian,0.0%,0.0%,0.0%,0,0,0,,,,,,,,,,,,,
28,520,Black,10.3%,16.4%,8.6%,11,21,9,,,,,,,,,,,,,
28,520,White,71.0%,73.4%,86.7%,76,94,91,,,,,,,,,,,,,
28,520,Other/Unknown,18.7%,10.2%,4.8%,20,13,5,,,,,,,,,,,,,
29,027,Asian,0.0%,0.0%,0.0%,0,0,0,,,,,,,,,,,,,
29,027,Black,2.5%,2.3%,0.0%,3,3,0,,,,,,,,,,,,,
29,027,White,90.8%,94.7%,96.3%,108,126,78,,,,,,,,,,,,,
29,027,Other/Unknown,6.7%,3.0%,3.7%,8,4,3,,,,,,,,,,,,,
29,051,Asian,0.0%,0.0%,0.0%,0,0,0,,,,,,,,,,,,,
29,051,Black,0.0%,0.0%,0.0%,0,0,0,,,,,,,,,,,,,
29,051,White,84.7%,69.3%,91.4%,100,70,117,,,,,,,,,,,,,
29,051,Other/Unknown,15.3%,30.7%,8.6%,18,31,11,,,,,,,,,,,,,
29,167,Asian,0.0%,0.0%,0.0%,0,0,0,,,,,,,,,,,,,
29,167,Black,2.3%,2.2%,2.1%,3,2,2,,,,,,,,,,,,,
29,167,White,95.5%,92.4%,95.9%,126,85,93,,,,,,,,,,,,,
29,167,Other/Unknown,2.3%,5.4%,2.1%,3,5,2,,,,,,,,,,,,,
29,185,Asian,0.0%,0.0%,0.5%,0,0,1,,,,,,,,,,,,,
29,185,Black,9.6%,8.6%,8.8%,23,17,16,,,,,,,,,,,,,
29,185,White,85.8%,86.4%,84.1%,206,171,153,,,,,,,,,,,,,
29,185,Other/Unknown,4.6%,5.1%,6.6%,11,10,12,,,,,,,,,,,,,
30,105,Asian,0.0%,0.0%,0.0%,0,0,0,,,,,,,,,,,,,
30,105,Black,1.0%,0.5%,1.0%,2,1,1,,,,,,,,,,,,,
30,105,White,91.7%,88.0%,98.0%,176,176,100,,,,,,,,,,,,,
30,105,Other/Unknown,7.3%,11.5%,1.0%,14,23,1,,,,,,,,,,,,,
30,169,Asian,0.0%,0.0%,0.0%,0,0,0,,,,,,,,,,,,,
30,169,Black,4.2%,4.8%,3.9%,5,6,3,,,,,,,,,,,,,
30,169,White,80.0%,78.2%,84.4%,96,97,65,,,,,,,,,,,,,
30,169,Other/Unknown,15.8%,16.9%,11.7%,19,21,9,,,,,,,,,,,,,
30,195,Asian,0.0%,0.0%,0.0%,0,0,0,,,,,,,,,,,,,
30,195,Black,3.3%,2.5%,5.0%,9,6,12,,,,,,,,,,,,,
30,195,White,85.7%,90.8%,85.0%,233,216,204,,,,,,,,,,,,,
30,195,Other/Unknown,11.0%,6.7%,10.0%,30,16,24,,,,,,,,,,,,,
30,720,Asian,0.0%,0.0%,0.0%,0,0,0,,,,,,,,,,,,,
30,720,Black,8.7%,6.5%,2.8%,4,3,1,,,,,,,,,,,,,
30,720,White,84.8%,84.8%,80.6%,39,39,29,,,,,,,,,,,,,
30,720,Other/Unknown,6.5%,8.7%,16.7%,3,4,6,,,,,,,,,,,,,
31,153,Asian,2.4%,1.6%,1.6%,49,35,30,,,,,,,,,,,,,
31,153,Black,36.8%,38.2%,38.1%,751,814,695,,,,,,,,,,,,,
31,153,White,38.9%,39.4%,43.7%,793,838,798,,,,,,,,,,,,,
31,153,Other/Unknown,21.9%,20.8%,16.5%,447,442,302,,,,,,,,,,,,,
31,683,Asian,0.7%,0.9%,0.0%,2,3,0,,,,,,,,,,,,,
31,683,Black,28.1%,18.5%,18.1%,78,62,55,,,,,,,,,,,,,
31,683,White,56.1%,64.3%,65.5%,156,216,199,,,,,,,,,,,,,
31,683,Other/Unknown,15.1%,16.4%,16.4%,42,55,50,,,,,,,,,,,,,
31,685,Asian,6.4%,5.3%,1.1%,5,4,1,,,,,,,,,,,,,
31,685,Black,7.7%,9.2%,15.9%,6,7,14,,,,,,,,,,,,,
31,685,White,70.5%,71.1%,72.7%,55,54,64,,,,,,,,,,,,,
31,685,Other/Unknown,15.4%,14.5%,10.2%,12,11,9,,,,,,,,,,,,,
