"Juvenile Intake Cases by Ethnicity, FY 2018-2020*",,,,,,,,,,,,,,,,,,
CSU,FIPS,ETHNICITY,FY18 %,FY19 %,FY20 %,FY18 #,FY19 #,FY20 #,,,,,,,,,,
1,550,Hispanic,3.3%,3.7%,5.5%,30,31,35,,"* During FY 2018, Bland County (FIPS 021) and Giles County (FIPS 071) were part of CSU 29. Effective in FY 2019, these localities are part of CSU 27 and all data is presented under CSU 27.",,,,,,,,
1,550,Non-Hispanic,27.1%,37.0%,64.5%,246,308,411,,,,,,,,,,
1,550,Unknown/Missing,69.6%,59.3%,30.0%,633,493,191,,,,,,,,,,
2,810,Hispanic,3.7%,4.3%,4.5%,49,53,52,,,,,,,,,,
2,810,Non-Hispanic,55.5%,52.2%,72.9%,741,638,844,,,,,,,,,,
2,810,Unknown/Missing,40.8%,43.5%,22.6%,544,531,262,,,,,,,,,,
2A,001,Hispanic,3.0%,6.7%,6.9%,4,10,8,,,,,,,,,,
2A,001,Non-Hispanic,37.6%,45.6%,86.2%,50,68,100,,,,,,,,,,
2A,001,Unknown/Missing,59.4%,47.7%,6.9%,79,71,8,,,,,,,,,,
2A,131,Hispanic,6.2%,10.1%,11.1%,6,10,9,,,,,,,,,,
2A,131,Non-Hispanic,53.6%,57.6%,80.2%,52,57,65,,,,,,,,,,
2A,131,Unknown/Missing,40.2%,32.3%,8.6%,39,32,7,,,,,,,,,,
3,740,Hispanic,0.3%,2.9%,3.1%,2,13,17,,,,,,,,,,
3,740,Non-Hispanic,29.7%,32.7%,50.6%,172,145,274,,,,,,,,,,
3,740,Unknown/Missing,70.0%,64.3%,46.2%,406,285,250,,,,,,,,,,
4,710,Hispanic,4.1%,4.2%,4.7%,91,49,54,,,,,,,,,,
4,710,Non-Hispanic,36.2%,56.4%,74.9%,804,654,861,,,,,,,,,,
4,710,Unknown/Missing,59.7%,39.4%,20.4%,"1,324",457,234,,,,,,,,,,
5,093,Hispanic,1.2%,4.2%,8.5%,1,3,4,,,,,,,,,,
5,093,Non-Hispanic,29.3%,31.9%,68.1%,24,23,32,,,,,,,,,,
5,093,Unknown/Missing,69.5%,63.9%,23.4%,57,46,11,,,,,,,,,,
5,175,Hispanic,0.0%,0.0%,0.0%,0,0,0,,,,,,,,,,
5,175,Non-Hispanic,22.2%,40.0%,86.0%,6,16,37,,,,,,,,,,
5,175,Unknown/Missing,77.8%,60.0%,14.0%,21,24,6,,,,,,,,,,
5,620,Hispanic,2.3%,0.0%,0.0%,1,0,0,,,,,,,,,,
5,620,Non-Hispanic,27.9%,28.6%,78.9%,12,12,15,,,,,,,,,,
5,620,Unknown/Missing,69.8%,71.4%,21.1%,30,30,4,,,,,,,,,,
5,800,Hispanic,1.7%,1.6%,0.3%,6,6,1,,,,,,,,,,
5,800,Non-Hispanic,28.1%,39.2%,84.6%,97,149,319,,,,,,,,,,
5,800,Unknown/Missing,70.1%,59.2%,15.1%,242,225,57,,,,,,,,,,
6,025,Hispanic,2.1%,0.0%,7.7%,1,0,2,,,,,,,,,,
6,025,Non-Hispanic,34.0%,14.7%,50.0%,16,5,13,,,,,,,,,,
6,025,Unknown/Missing,63.8%,85.3%,42.3%,30,29,11,,,,,,,,,,
6,081,Hispanic,14.0%,0.0%,4.3%,8,0,1,,,,,,,,,,
6,081,Non-Hispanic,35.1%,22.2%,47.8%,20,8,11,,,,,,,,,,
6,081,Unknown/Missing,50.9%,77.8%,47.8%,29,28,11,,,,,,,,,,
6,149,Hispanic,2.5%,1.7%,1.5%,3,2,1,,,,,,,,,,
6,149,Non-Hispanic,22.9%,20.9%,87.7%,27,24,57,,,,,,,,,,
6,149,Unknown/Missing,74.6%,77.4%,10.8%,88,89,7,,,,,,,,,,
6,181,Hispanic,0.0%,0.0%,0.0%,0,0,0,,,,,,,,,,
6,181,Non-Hispanic,7.7%,54.5%,0.0%,1,6,0,,,,,,,,,,
6,181,Unknown/Missing,92.3%,45.5%,100.0%,12,5,2,,,,,,,,,,
6,183,Hispanic,3.0%,8.3%,0.0%,1,3,0,,,,,,,,,,
6,183,Non-Hispanic,24.2%,25.0%,70.0%,8,9,14,,,,,,,,,,
6,183,Unknown/Missing,72.7%,66.7%,30.0%,24,24,6,,,,,,,,,,
6,595,Hispanic,0.0%,3.4%,7.3%,0,2,4,,,,,,,,,,
6,595,Non-Hispanic,24.0%,39.7%,56.4%,18,23,31,,,,,,,,,,
6,595,Unknown/Missing,76.0%,56.9%,36.4%,57,33,20,,,,,,,,,,
6,670,Hispanic,5.9%,3.4%,4.5%,14,8,9,,,,,,,,,,
6,670,Non-Hispanic,18.1%,31.8%,33.7%,43,75,68,,,,,,,,,,
6,670,Unknown/Missing,75.9%,64.8%,61.9%,180,153,125,,,,,,,,,,
7,700,Hispanic,3.6%,4.5%,7.1%,53,60,88,,,,,,,,,,
7,700,Non-Hispanic,28.2%,38.4%,63.5%,411,509,783,,,,,,,,,,
7,700,Unknown/Missing,68.1%,57.0%,29.4%,991,755,362,,,,,,,,,,
8,650,Hispanic,1.6%,2.2%,3.0%,17,20,19,,,,,,,,,,
8,650,Non-Hispanic,27.1%,29.7%,54.1%,282,274,340,,,,,,,,,,
8,650,Unknown/Missing,71.3%,68.1%,42.8%,741,628,269,,,,,,,,,,
9,036,Hispanic,0.0%,0.0%,0.0%,0,0,0,,,,,,,,,,
9,036,Non-Hispanic,8.3%,40.0%,90.9%,1,2,10,,,,,,,,,,
9,036,Unknown/Missing,91.7%,60.0%,9.1%,11,3,1,,,,,,,,,,
9,073,Hispanic,2.6%,3.8%,4.0%,4,3,4,,,,,,,,,,
9,073,Non-Hispanic,13.1%,22.8%,39.0%,20,18,39,,,,,,,,,,
9,073,Unknown/Missing,84.3%,73.4%,57.0%,129,58,57,,,,,,,,,,
9,095,Hispanic,3.7%,13.7%,14.3%,9,40,34,,,,,,,,,,
9,095,Non-Hispanic,15.2%,23.6%,45.0%,37,69,107,,,,,,,,,,
9,095,Unknown/Missing,81.1%,62.7%,40.8%,197,183,97,,,,,,,,,,
9,097,Hispanic,0.0%,0.0%,0.0%,0,0,0,,,,,,,,,,
9,097,Non-Hispanic,18.5%,7.1%,50.0%,5,1,9,,,,,,,,,,
9,097,Unknown/Missing,81.5%,92.9%,50.0%,22,13,9,,,,,,,,,,
9,101,Hispanic,0.0%,2.1%,0.0%,0,1,0,,,,,,,,,,
9,101,Non-Hispanic,6.8%,8.5%,29.7%,4,4,11,,,,,,,,,,
9,101,Unknown/Missing,93.2%,89.4%,70.3%,55,42,26,,,,,,,,,,
9,115,Hispanic,1.4%,0.0%,6.3%,1,0,1,,,,,,,,,,
9,115,Non-Hispanic,7.1%,12.2%,43.8%,5,6,7,,,,,,,,,,
9,115,Unknown/Missing,91.4%,87.8%,50.0%,64,43,8,,,,,,,,,,
9,119,Hispanic,0.0%,0.0%,0.0%,0,0,0,,,,,,,,,,
9,119,Non-Hispanic,8.9%,36.6%,61.5%,5,15,8,,,,,,,,,,
9,119,Unknown/Missing,91.1%,63.4%,38.5%,51,26,5,,,,,,,,,,
9,127,Hispanic,1.3%,0.9%,0.7%,1,1,1,,,,,,,,,,
9,127,Non-Hispanic,21.8%,37.7%,87.1%,17,40,121,,,,,,,,,,
9,127,Unknown/Missing,76.9%,61.3%,12.2%,60,65,17,,,,,,,,,,
9,199,Hispanic,6.2%,4.8%,7.1%,13,8,11,,,,,,,,,,
9,199,Non-Hispanic,12.9%,26.9%,36.1%,27,45,56,,,,,,,,,,
9,199,Unknown/Missing,80.9%,68.3%,56.8%,169,114,88,,,,,,,,,,
9,735,Hispanic,3.7%,0.0%,0.0%,2,0,0,,,,,,,,,,
9,735,Non-Hispanic,24.1%,35.2%,38.9%,13,19,7,,,,,,,,,,
9,735,Unknown/Missing,72.2%,64.8%,61.1%,39,35,11,,,,,,,,,,
9,830,Hispanic,7.9%,10.6%,11.5%,5,5,3,,,,,,,,,,
9,830,Non-Hispanic,14.3%,40.4%,42.3%,9,19,11,,,,,,,,,,
9,830,Unknown/Missing,77.8%,48.9%,46.2%,49,23,12,,,,,,,,,,
10,011,Hispanic,2.1%,4.9%,3.1%,3,5,2,,,,,,,,,,
10,011,Non-Hispanic,9.9%,21.4%,60.9%,14,22,39,,,,,,,,,,
10,011,Unknown/Missing,88.0%,73.8%,35.9%,125,76,23,,,,,,,,,,
10,029,Hispanic,0.0%,1.6%,2.9%,0,1,1,,,,,,,,,,
10,029,Non-Hispanic,14.5%,37.5%,82.9%,9,24,29,,,,,,,,,,
10,029,Unknown/Missing,85.5%,60.9%,14.3%,53,39,5,,,,,,,,,,
10,037,Hispanic,5.1%,0.0%,0.0%,2,0,0,,,,,,,,,,
10,037,Non-Hispanic,0.0%,8.3%,17.6%,0,3,3,,,,,,,,,,
10,037,Unknown/Missing,94.9%,91.7%,82.4%,37,33,14,,,,,,,,,,
10,049,Hispanic,0.0%,0.0%,0.0%,0,0,0,,,,,,,,,,
10,049,Non-Hispanic,8.8%,20.0%,72.0%,3,4,18,,,,,,,,,,
10,049,Unknown/Missing,91.2%,80.0%,28.0%,31,16,7,,,,,,,,,,
10,083,Hispanic,1.2%,4.9%,0.7%,2,6,1,,,,,,,,,,
10,083,Non-Hispanic,94.1%,79.7%,44.3%,159,98,66,,,,,,,,,,
10,083,Unknown/Missing,4.7%,15.4%,55.0%,8,19,82,,,,,,,,,,
10,111,Hispanic,2.7%,5.6%,5.6%,2,6,5,,,,,,,,,,
10,111,Non-Hispanic,33.8%,25.9%,79.8%,25,28,71,,,,,,,,,,
10,111,Unknown/Missing,63.5%,68.5%,14.6%,47,74,13,,,,,,,,,,
10,117,Hispanic,0.0%,3.4%,0.0%,0,5,0,,,,,,,,,,
10,117,Non-Hispanic,21.4%,16.4%,30.3%,21,24,27,,,,,,,,,,
10,117,Unknown/Missing,78.6%,80.1%,69.7%,77,117,62,,,,,,,,,,
10,147,Hispanic,3.2%,9.2%,2.1%,4,7,1,,,,,,,,,,
10,147,Non-Hispanic,33.1%,25.0%,39.6%,41,19,19,,,,,,,,,,
10,147,Unknown/Missing,63.7%,65.8%,58.3%,79,50,28,,,,,,,,,,
11,007,Hispanic,0.0%,0.0%,0.0%,0,0,0,,,,,,,,,,
11,007,Non-Hispanic,15.4%,25.0%,35.7%,6,11,10,,,,,,,,,,
11,007,Unknown/Missing,84.6%,75.0%,64.3%,33,33,18,,,,,,,,,,
11,053,Hispanic,0.0%,0.0%,7.1%,0,0,4,,,,,,,,,,
11,053,Non-Hispanic,25.3%,23.3%,71.4%,22,20,40,,,,,,,,,,
11,053,Unknown/Missing,74.7%,76.7%,21.4%,65,66,12,,,,,,,,,,
11,135,Hispanic,1.3%,1.7%,0.0%,1,1,0,,,,,,,,,,
11,135,Non-Hispanic,15.4%,27.1%,84.2%,12,16,32,,,,,,,,,,
11,135,Unknown/Missing,83.3%,71.2%,15.8%,65,42,6,,,,,,,,,,
11,145,Hispanic,1.2%,2.0%,0.0%,1,1,0,,,,,,,,,,
11,145,Non-Hispanic,16.0%,22.0%,53.3%,13,11,32,,,,,,,,,,
11,145,Unknown/Missing,82.7%,76.0%,46.7%,67,38,28,,,,,,,,,,
11,730,Hispanic,5.7%,2.9%,5.7%,30,13,19,,,,,,,,,,
11,730,Non-Hispanic,22.6%,34.5%,71.0%,119,155,235,,,,,,,,,,
11,730,Unknown/Missing,71.7%,62.6%,23.3%,377,281,77,,,,,,,,,,
12,041,Hispanic,7.7%,6.6%,8.1%,151,111,115,,,,,,,,,,
12,041,Non-Hispanic,26.5%,29.1%,27.0%,519,490,384,,,,,,,,,,
12,041,Unknown/Missing,65.9%,64.3%,64.9%,"1,292","1,083",924,,,,,,,,,,
12,570,Hispanic,1.9%,5.8%,2.4%,4,13,5,,,,,,,,,,
12,570,Non-Hispanic,18.8%,14.2%,15.9%,39,32,33,,,,,,,,,,
12,570,Unknown/Missing,79.2%,80.0%,81.7%,164,180,170,,,,,,,,,,
13,760,Hispanic,4.9%,6.8%,8.3%,52,73,66,,,,,,,,,,
13,760,Non-Hispanic,78.8%,84.2%,86.5%,842,904,688,,,,,,,,,,
13,760,Unknown/Missing,16.3%,9.0%,5.2%,174,97,41,,,,,,,,,,
14,087,Hispanic,5.9%,6.4%,7.4%,79,83,91,,,,,,,,,,
14,087,Non-Hispanic,38.7%,55.9%,74.6%,522,730,924,,,,,,,,,,
14,087,Unknown/Missing,55.4%,37.7%,18.0%,747,493,223,,,,,,,,,,
15,033,Hispanic,3.2%,5.9%,8.8%,4,7,8,,,,,,,,,,
15,033,Non-Hispanic,43.5%,35.6%,76.9%,54,42,70,,,,,,,,,,
15,033,Unknown/Missing,53.2%,58.5%,14.3%,66,69,13,,,,,,,,,,
15,057,Hispanic,6.5%,3.6%,0.0%,2,2,0,,,,,,,,,,
15,057,Non-Hispanic,12.9%,33.9%,87.1%,4,19,54,,,,,,,,,,
15,057,Unknown/Missing,80.6%,62.5%,12.9%,25,35,8,,,,,,,,,,
15,085,Hispanic,0.6%,1.4%,2.3%,2,6,7,,,,,,,,,,
15,085,Non-Hispanic,22.9%,22.1%,36.3%,83,92,113,,,,,,,,,,
15,085,Unknown/Missing,76.6%,76.5%,61.4%,278,319,191,,,,,,,,,,
15,099,Hispanic,1.7%,0.0%,2.7%,2,0,2,,,,,,,,,,
15,099,Non-Hispanic,33.9%,39.6%,71.6%,41,40,53,,,,,,,,,,
15,099,Unknown/Missing,64.5%,60.4%,25.7%,78,61,19,,,,,,,,,,
15,103,Hispanic,0.0%,0.0%,0.0%,0,0,0,,,,,,,,,,
15,103,Non-Hispanic,3.4%,11.5%,71.9%,2,6,23,,,,,,,,,,
15,103,Unknown/Missing,96.6%,88.5%,28.1%,57,46,9,,,,,,,,,,
15,133,Hispanic,0.0%,0.0%,7.5%,0,0,3,,,,,,,,,,
15,133,Non-Hispanic,0.0%,7.7%,60.0%,0,3,24,,,,,,,,,,
15,133,Unknown/Missing,100.0%,92.3%,32.5%,44,36,13,,,,,,,,,,
15,159,Hispanic,0.0%,11.1%,0.0%,0,1,0,,,,,,,,,,
15,159,Non-Hispanic,5.6%,0.0%,90.9%,1,0,10,,,,,,,,,,
15,159,Unknown/Missing,94.4%,88.9%,9.1%,17,8,1,,,,,,,,,,
15,177,Hispanic,6.5%,10.8%,11.1%,25,43,32,,,,,,,,,,
15,177,Non-Hispanic,23.4%,25.9%,36.8%,90,103,106,,,,,,,,,,
15,177,Unknown/Missing,70.1%,63.2%,52.1%,270,251,150,,,,,,,,,,
15,179,Hispanic,7.5%,11.5%,10.1%,40,60,52,,,,,,,,,,
15,179,Non-Hispanic,20.9%,21.2%,51.8%,112,111,266,,,,,,,,,,
15,179,Unknown/Missing,71.6%,67.4%,38.1%,383,353,196,,,,,,,,,,
15,193,Hispanic,0.0%,1.3%,8.2%,0,1,5,,,,,,,,,,
15,193,Non-Hispanic,19.4%,24.1%,90.2%,12,19,55,,,,,,,,,,
15,193,Unknown/Missing,80.6%,74.7%,1.6%,50,59,1,,,,,,,,,,
15,630,Hispanic,11.8%,16.9%,11.2%,29,45,24,,,,,,,,,,
15,630,Non-Hispanic,78.8%,75.2%,78.6%,193,200,169,,,,,,,,,,
15,630,Unknown/Missing,9.4%,7.9%,10.2%,23,21,22,,,,,,,,,,
16,003,Hispanic,16.0%,17.1%,10.7%,44,48,23,,,,,,,,,,
16,003,Non-Hispanic,31.6%,35.7%,72.1%,87,100,155,,,,,,,,,,
16,003,Unknown/Missing,52.4%,47.1%,17.2%,144,132,37,,,,,,,,,,
16,047,Hispanic,20.0%,14.2%,21.5%,68,39,39,,,,,,,,,,
16,047,Non-Hispanic,31.2%,46.7%,72.4%,106,128,131,,,,,,,,,,
16,047,Unknown/Missing,48.8%,39.1%,6.1%,166,107,11,,,,,,,,,,
16,065,Hispanic,1.8%,0.0%,2.0%,1,0,1,,,,,,,,,,
16,065,Non-Hispanic,10.5%,33.3%,56.0%,6,14,28,,,,,,,,,,
16,065,Unknown/Missing,87.7%,66.7%,42.0%,50,28,21,,,,,,,,,,
16,075,Hispanic,1.6%,6.7%,4.4%,1,3,2,,,,,,,,,,
16,075,Non-Hispanic,9.4%,22.2%,91.1%,6,10,41,,,,,,,,,,
16,075,Unknown/Missing,89.1%,71.1%,4.4%,57,32,2,,,,,,,,,,
16,079,Hispanic,9.5%,7.9%,8.0%,9,6,7,,,,,,,,,,
16,079,Non-Hispanic,25.3%,60.5%,85.2%,24,46,75,,,,,,,,,,
16,079,Unknown/Missing,65.3%,31.6%,6.8%,62,24,6,,,,,,,,,,
16,109,Hispanic,1.5%,12.4%,5.0%,2,24,5,,,,,,,,,,
16,109,Non-Hispanic,23.1%,22.8%,78.0%,30,44,78,,,,,,,,,,
16,109,Unknown/Missing,75.4%,64.8%,17.0%,98,125,17,,,,,,,,,,
16,113,Hispanic,0.0%,0.0%,4.8%,0,0,2,,,,,,,,,,
16,113,Non-Hispanic,20.4%,34.9%,85.7%,10,15,36,,,,,,,,,,
16,113,Unknown/Missing,79.6%,65.1%,9.5%,39,28,4,,,,,,,,,,
16,137,Hispanic,1.4%,6.4%,0.9%,2,9,1,,,,,,,,,,
16,137,Non-Hispanic,31.5%,42.9%,91.5%,45,60,107,,,,,,,,,,
16,137,Unknown/Missing,67.1%,50.7%,7.7%,96,71,9,,,,,,,,,,
16,540,Hispanic,14.6%,14.3%,6.5%,23,19,8,,,,,,,,,,
16,540,Non-Hispanic,36.9%,42.9%,79.0%,58,57,98,,,,,,,,,,
16,540,Unknown/Missing,48.4%,42.9%,14.5%,76,57,18,,,,,,,,,,
17,013,Hispanic,31.8%,35.1%,28.8%,201,200,131,,,,,,,,,,
17,013,Non-Hispanic,20.5%,34.1%,62.4%,130,194,284,,,,,,,,,,
17,013,Unknown/Missing,47.7%,30.8%,8.8%,302,175,40,,,,,,,,,,
17,610,Hispanic,16.7%,32.9%,41.2%,8,24,14,,,,,,,,,,
17,610,Non-Hispanic,14.6%,19.2%,47.1%,7,14,16,,,,,,,,,,
17,610,Unknown/Missing,68.8%,47.9%,11.8%,33,35,4,,,,,,,,,,
18,510,Hispanic,52.0%,43.4%,48.1%,305,209,199,,,,,,,,,,
18,510,Non-Hispanic,17.2%,26.1%,42.0%,101,126,174,,,,,,,,,,
18,510,Unknown/Missing,30.7%,30.5%,9.9%,180,147,41,,,,,,,,,,
19,059,Hispanic,35.2%,35.8%,41.7%,882,853,937,,,,,,,,,,
19,059,Non-Hispanic,15.4%,19.8%,45.2%,385,472,"1,016",,,,,,,,,,
19,059,Unknown/Missing,49.4%,44.4%,13.0%,"1,239","1,060",293,,,,,,,,,,
20L,107,Hispanic,33.4%,32.6%,31.8%,380,302,290,,,,,,,,,,
20L,107,Non-Hispanic,10.4%,18.8%,62.3%,118,174,569,,,,,,,,,,
20L,107,Unknown/Missing,56.2%,48.6%,5.9%,639,450,54,,,,,,,,,,
20W,061,Hispanic,6.7%,12.5%,7.1%,11,19,11,,,,,,,,,,
20W,061,Non-Hispanic,18.8%,23.0%,29.9%,31,35,46,,,,,,,,,,
20W,061,Unknown/Missing,74.5%,64.5%,63.0%,123,98,97,,,,,,,,,,
20W,157,Hispanic,4.3%,0.0%,0.0%,1,0,0,,,,,,,,,,
20W,157,Non-Hispanic,43.5%,3.4%,28.0%,10,1,7,,,,,,,,,,
20W,157,Unknown/Missing,52.2%,96.6%,72.0%,12,28,18,,,,,,,,,,
21,089,Hispanic,8.7%,5.3%,9.5%,20,13,14,,,,,,,,,,
21,089,Non-Hispanic,43.7%,49.6%,78.2%,101,121,115,,,,,,,,,,
21,089,Unknown/Missing,47.6%,45.1%,12.2%,110,110,18,,,,,,,,,,
21,141,Hispanic,3.1%,5.2%,0.0%,3,3,0,,,,,,,,,,
21,141,Non-Hispanic,43.3%,58.6%,78.6%,42,34,22,,,,,,,,,,
21,141,Unknown/Missing,53.6%,36.2%,21.4%,52,21,6,,,,,,,,,,
21,690,Hispanic,6.0%,7.1%,6.7%,14,11,6,,,,,,,,,,
21,690,Non-Hispanic,35.3%,46.8%,80.9%,83,72,72,,,,,,,,,,
21,690,Unknown/Missing,58.7%,46.1%,12.4%,138,71,11,,,,,,,,,,
22,067,Hispanic,4.8%,4.9%,2.7%,26,22,10,,,,,,,,,,
22,067,Non-Hispanic,29.3%,33.8%,84.8%,160,153,317,,,,,,,,,,
22,067,Unknown/Missing,65.9%,61.4%,12.6%,360,278,47,,,,,,,,,,
22,143,Hispanic,4.5%,2.2%,1.4%,11,4,4,,,,,,,,,,
22,143,Non-Hispanic,22.8%,41.9%,84.7%,56,78,243,,,,,,,,,,
22,143,Unknown/Missing,72.8%,55.9%,13.9%,179,104,40,,,,,,,,,,
22,590,Hispanic,4.8%,3.1%,5.2%,22,11,17,,,,,,,,,,
22,590,Non-Hispanic,77.8%,77.9%,85.5%,353,279,278,,,,,,,,,,
22,590,Unknown/Missing,17.4%,19.0%,9.2%,79,68,30,,,,,,,,,,
23,161,Hispanic,2.0%,4.8%,3.6%,13,29,27,,,,,,,,,,
23,161,Non-Hispanic,21.2%,25.6%,75.5%,137,155,563,,,,,,,,,,
23,161,Unknown/Missing,76.8%,69.6%,20.9%,496,422,156,,,,,,,,,,
23,775,Hispanic,6.0%,2.7%,4.0%,13,4,7,,,,,,,,,,
23,775,Non-Hispanic,23.3%,37.3%,75.9%,50,56,132,,,,,,,,,,
23,775,Unknown/Missing,70.7%,60.0%,20.1%,152,90,35,,,,,,,,,,
23A,770,Hispanic,7.0%,4.3%,7.0%,54,32,43,,,,,,,,,,
23A,770,Non-Hispanic,62.4%,60.9%,81.6%,479,450,504,,,,,,,,,,
23A,770,Unknown/Missing,30.6%,34.8%,11.5%,235,257,71,,,,,,,,,,
24,009,Hispanic,0.0%,0.0%,0.0%,0,0,0,,,,,,,,,,
24,009,Non-Hispanic,23.9%,44.0%,97.9%,38,55,93,,,,,,,,,,
24,009,Unknown/Missing,76.1%,56.0%,2.1%,121,70,2,,,,,,,,,,
24,019,Hispanic,1.3%,2.3%,3.4%,6,9,10,,,,,,,,,,
24,019,Non-Hispanic,23.7%,35.4%,81.4%,111,137,241,,,,,,,,,,
24,019,Unknown/Missing,75.1%,62.3%,15.2%,352,241,45,,,,,,,,,,
24,031,Hispanic,0.0%,3.5%,6.6%,0,5,8,,,,,,,,,,
24,031,Non-Hispanic,22.6%,23.4%,32.0%,31,33,39,,,,,,,,,,
24,031,Unknown/Missing,77.4%,73.0%,61.5%,106,103,75,,,,,,,,,,
24,125,Hispanic,0.0%,1.2%,2.9%,0,1,3,,,,,,,,,,
24,125,Non-Hispanic,8.5%,8.6%,65.4%,7,7,68,,,,,,,,,,
24,125,Unknown/Missing,91.5%,90.1%,31.7%,75,73,33,,,,,,,,,,
24,680,Hispanic,2.4%,1.5%,1.1%,17,11,7,,,,,,,,,,
24,680,Non-Hispanic,32.7%,45.2%,91.3%,235,322,558,,,,,,,,,,
24,680,Unknown/Missing,65.0%,53.3%,7.5%,467,380,46,,,,,,,,,,
25,005,Hispanic,0.0%,0.9%,1.3%,0,1,1,,,,,,,,,,
25,005,Non-Hispanic,19.3%,30.4%,91.1%,23,34,72,,,,,,,,,,
25,005,Unknown/Missing,80.7%,68.8%,7.6%,96,77,6,,,,,,,,,,
25,015,Hispanic,2.4%,4.9%,2.9%,7,12,5,,,,,,,,,,
25,015,Non-Hispanic,17.9%,22.4%,54.1%,52,55,92,,,,,,,,,,
25,015,Unknown/Missing,79.7%,72.7%,42.9%,231,178,73,,,,,,,,,,
25,017,Hispanic,0.0%,0.0%,0.0%,0,0,0,,,,,,,,,,
25,017,Non-Hispanic,0.0%,16.7%,80.0%,0,1,8,,,,,,,,,,
25,017,Unknown/Missing,100.0%,83.3%,20.0%,4,5,2,,,,,,,,,,
25,023,Hispanic,0.8%,4.0%,5.8%,1,5,6,,,,,,,,,,
25,023,Non-Hispanic,46.0%,56.3%,86.4%,57,71,89,,,,,,,,,,
25,023,Unknown/Missing,53.2%,39.7%,7.8%,66,50,8,,,,,,,,,,
25,045,Hispanic,0.0%,0.0%,0.0%,0,0,0,,,,,,,,,,
25,045,Non-Hispanic,40.7%,46.2%,92.3%,11,12,24,,,,,,,,,,
25,045,Unknown/Missing,59.3%,53.8%,7.7%,16,14,2,,,,,,,,,,
25,091,Hispanic,0.0%,0.0%,0.0%,0,0,0,,,,,,,,,,
25,091,Non-Hispanic,20.0%,15.4%,66.7%,1,2,2,,,,,,,,,,
25,091,Unknown/Missing,80.0%,84.6%,33.3%,4,11,1,,,,,,,,,,
25,163,Hispanic,3.7%,0.8%,1.0%,5,1,1,,,,,,,,,,
25,163,Non-Hispanic,28.1%,46.7%,87.1%,38,57,88,,,,,,,,,,
25,163,Unknown/Missing,68.1%,52.5%,11.9%,92,64,12,,,,,,,,,,
25,530,Hispanic,0.0%,0.0%,0.0%,0,0,0,,,,,,,,,,
25,530,Non-Hispanic,19.5%,28.8%,75.0%,16,19,33,,,,,,,,,,
25,530,Unknown/Missing,80.5%,71.2%,25.0%,66,47,11,,,,,,,,,,
25,580,Hispanic,0.0%,0.0%,0.0%,0,0,0,,,,,,,,,,
25,580,Non-Hispanic,46.3%,49.0%,93.9%,25,25,31,,,,,,,,,,
25,580,Unknown/Missing,53.7%,51.0%,6.1%,29,26,2,,,,,,,,,,
25,678,Hispanic,5.9%,0.0%,0.0%,1,0,0,,,,,,,,,,
25,678,Non-Hispanic,11.8%,25.0%,100.0%,2,3,10,,,,,,,,,,
25,678,Unknown/Missing,82.4%,75.0%,0.0%,14,9,0,,,,,,,,,,
25,790,Hispanic,6.8%,2.6%,0.7%,13,4,1,,,,,,,,,,
25,790,Non-Hispanic,25.3%,28.6%,68.9%,48,44,93,,,,,,,,,,
25,790,Unknown/Missing,67.9%,68.8%,30.4%,129,106,41,,,,,,,,,,
25,820,Hispanic,5.8%,6.3%,7.1%,13,12,6,,,,,,,,,,
25,820,Non-Hispanic,13.0%,15.3%,48.2%,29,29,41,,,,,,,,,,
25,820,Unknown/Missing,81.2%,78.3%,44.7%,181,148,38,,,,,,,,,,
26,043,Hispanic,10.0%,13.3%,0.0%,2,4,0,,,,,,,,,,
26,043,Non-Hispanic,10.0%,26.7%,57.9%,2,8,11,,,,,,,,,,
26,043,Unknown/Missing,80.0%,60.0%,42.1%,16,18,8,,,,,,,,,,
26,069,Hispanic,7.0%,12.1%,10.0%,20,36,20,,,,,,,,,,
26,069,Non-Hispanic,12.9%,22.6%,35.3%,37,67,71,,,,,,,,,,
26,069,Unknown/Missing,80.1%,65.3%,54.7%,229,194,110,,,,,,,,,,
26,139,Hispanic,2.3%,2.7%,0.9%,4,3,1,,,,,,,,,,
26,139,Non-Hispanic,23.0%,28.8%,90.7%,40,32,98,,,,,,,,,,
26,139,Unknown/Missing,74.7%,68.5%,8.3%,130,76,9,,,,,,,,,,
26,165,Hispanic,11.2%,8.7%,10.9%,35,21,20,,,,,,,,,,
26,165,Non-Hispanic,15.7%,32.2%,75.5%,49,78,139,,,,,,,,,,
26,165,Unknown/Missing,73.2%,59.1%,13.6%,229,143,25,,,,,,,,,,
26,171,Hispanic,9.4%,10.2%,11.2%,34,39,43,,,,,,,,,,
26,171,Non-Hispanic,21.1%,32.0%,73.4%,76,123,282,,,,,,,,,,
26,171,Unknown/Missing,69.4%,57.8%,15.4%,250,222,59,,,,,,,,,,
26,187,Hispanic,1.9%,4.3%,7.3%,4,12,12,,,,,,,,,,
26,187,Non-Hispanic,17.8%,40.7%,60.6%,37,114,100,,,,,,,,,,
26,187,Unknown/Missing,80.3%,55.0%,32.1%,167,154,53,,,,,,,,,,
26,660,Hispanic,34.6%,41.1%,36.8%,73,95,56,,,,,,,,,,
26,660,Non-Hispanic,14.7%,19.5%,56.6%,31,45,86,,,,,,,,,,
26,660,Unknown/Missing,50.7%,39.4%,6.6%,107,91,10,,,,,,,,,,
26,840,Hispanic,21.1%,21.8%,15.9%,49,45,25,,,,,,,,,,
26,840,Non-Hispanic,15.1%,15.5%,30.6%,35,32,48,,,,,,,,,,
26,840,Unknown/Missing,63.8%,62.6%,53.5%,148,129,84,,,,,,,,,,
27,021,Hispanic,0.0%,0.0%,0.0%,0,0,0,,,,,,,,,,
27,021,Non-Hispanic,33.3%,38.9%,47.1%,2,14,8,,,,,,,,,,
27,021,Unknown/Missing,66.7%,61.1%,52.9%,4,22,9,,,,,,,,,,
27,035,Hispanic,3.6%,6.4%,12.8%,6,10,12,,,,,,,,,,
27,035,Non-Hispanic,24.9%,32.1%,62.8%,42,50,59,,,,,,,,,,
27,035,Unknown/Missing,71.6%,61.5%,24.5%,121,96,23,,,,,,,,,,
27,063,Hispanic,0.0%,1.8%,0.0%,0,1,0,,,,,,,,,,
27,063,Non-Hispanic,17.4%,21.1%,96.1%,8,12,49,,,,,,,,,,
27,063,Unknown/Missing,82.6%,77.2%,3.9%,38,44,2,,,,,,,,,,
27,071,Hispanic,1.3%,1.3%,0.0%,1,1,0,,,,,,,,,,
27,071,Non-Hispanic,67.1%,37.2%,78.0%,51,29,32,,,,,,,,,,
27,071,Unknown/Missing,31.6%,61.5%,22.0%,24,48,9,,,,,,,,,,
27,077,Hispanic,1.2%,2.9%,2.9%,1,1,1,,,,,,,,,,
27,077,Non-Hispanic,33.3%,40.0%,70.6%,27,14,24,,,,,,,,,,
27,077,Unknown/Missing,65.4%,57.1%,26.5%,53,20,9,,,,,,,,,,
27,121,Hispanic,1.6%,1.2%,1.5%,4,3,3,,,,,,,,,,
27,121,Non-Hispanic,27.6%,37.6%,78.4%,69,97,160,,,,,,,,,,
27,121,Unknown/Missing,70.8%,61.2%,20.1%,177,158,41,,,,,,,,,,
27,155,Hispanic,2.5%,4.0%,1.3%,5,8,2,,,,,,,,,,
27,155,Non-Hispanic,96.0%,92.0%,73.9%,190,183,113,,,,,,,,,,
27,155,Unknown/Missing,1.5%,4.0%,24.8%,3,8,38,,,,,,,,,,
27,197,Hispanic,2.3%,1.2%,1.6%,5,2,2,,,,,,,,,,
27,197,Non-Hispanic,92.6%,75.3%,64.3%,200,125,83,,,,,,,,,,
27,197,Unknown/Missing,5.1%,23.5%,34.1%,11,39,44,,,,,,,,,,
27,640,Hispanic,13.3%,17.1%,27.0%,12,12,10,,,,,,,,,,
27,640,Non-Hispanic,30.0%,40.0%,43.2%,27,28,16,,,,,,,,,,
27,640,Unknown/Missing,56.7%,42.9%,29.7%,51,30,11,,,,,,,,,,
27,750,Hispanic,1.2%,0.0%,0.0%,1,0,0,,,,,,,,,,
27,750,Non-Hispanic,44.7%,90.3%,81.8%,38,65,27,,,,,,,,,,
27,750,Unknown/Missing,54.1%,9.7%,18.2%,46,7,6,,,,,,,,,,
28,173,Hispanic,1.9%,0.6%,4.3%,3,1,5,,,,,,,,,,
28,173,Non-Hispanic,88.4%,87.7%,94.9%,137,135,111,,,,,,,,,,
28,173,Unknown/Missing,9.7%,11.7%,0.9%,15,18,1,,,,,,,,,,
28,191,Hispanic,7.3%,3.5%,1.7%,14,5,2,,,,,,,,,,
28,191,Non-Hispanic,57.8%,68.5%,63.5%,111,98,73,,,,,,,,,,
28,191,Unknown/Missing,34.9%,28.0%,34.8%,67,40,40,,,,,,,,,,
28,520,Hispanic,0.0%,0.8%,1.9%,0,1,2,,,,,,,,,,
28,520,Non-Hispanic,55.1%,32.0%,61.0%,59,41,64,,,,,,,,,,
28,520,Unknown/Missing,44.9%,67.2%,37.1%,48,86,39,,,,,,,,,,
29,027,Hispanic,0.0%,0.0%,0.0%,0,0,0,,,,,,,,,,
29,027,Non-Hispanic,22.7%,25.6%,61.7%,27,34,50,,,,,,,,,,
29,027,Unknown/Missing,77.3%,74.4%,38.3%,92,99,31,,,,,,,,,,
29,051,Hispanic,0.0%,0.0%,0.0%,0,0,0,,,,,,,,,,
29,051,Non-Hispanic,25.4%,21.8%,82.8%,30,22,106,,,,,,,,,,
29,051,Unknown/Missing,74.6%,78.2%,17.2%,88,79,22,,,,,,,,,,
29,167,Hispanic,0.8%,0.0%,1.0%,1,0,1,,,,,,,,,,
29,167,Non-Hispanic,23.5%,32.6%,83.5%,31,30,81,,,,,,,,,,
29,167,Unknown/Missing,75.8%,67.4%,15.5%,100,62,15,,,,,,,,,,
29,185,Hispanic,0.4%,0.5%,3.3%,1,1,6,,,,,,,,,,
29,185,Non-Hispanic,30.8%,42.9%,91.2%,74,85,166,,,,,,,,,,
29,185,Unknown/Missing,68.8%,56.6%,5.5%,165,112,10,,,,,,,,,,
30,105,Hispanic,1.0%,1.5%,1.0%,2,3,1,,,,,,,,,,
30,105,Non-Hispanic,17.7%,29.5%,68.6%,34,59,70,,,,,,,,,,
30,105,Unknown/Missing,81.3%,69.0%,30.4%,156,138,31,,,,,,,,,,
30,169,Hispanic,2.5%,0.8%,0.0%,3,1,0,,,,,,,,,,
30,169,Non-Hispanic,18.3%,15.3%,49.4%,22,19,38,,,,,,,,,,
30,169,Unknown/Missing,79.2%,83.9%,50.6%,95,104,39,,,,,,,,,,
30,195,Hispanic,1.5%,0.0%,0.4%,4,0,1,,,,,,,,,,
30,195,Non-Hispanic,51.5%,58.0%,45.8%,140,138,110,,,,,,,,,,
30,195,Unknown/Missing,47.1%,42.0%,53.8%,128,100,129,,,,,,,,,,
30,720,Hispanic,2.2%,0.0%,2.8%,1,0,1,,,,,,,,,,
30,720,Non-Hispanic,52.2%,58.7%,47.2%,24,27,17,,,,,,,,,,
30,720,Unknown/Missing,45.7%,41.3%,50.0%,21,19,18,,,,,,,,,,
31,153,Hispanic,30.1%,27.6%,28.7%,615,588,524,,,,,,,,,,
31,153,Non-Hispanic,18.6%,20.6%,37.0%,379,439,676,,,,,,,,,,
31,153,Unknown/Missing,51.3%,51.8%,34.2%,"1,046","1,102",625,,,,,,,,,,
31,683,Hispanic,55.4%,63.1%,59.2%,154,212,180,,,,,,,,,,
31,683,Non-Hispanic,21.9%,11.6%,15.5%,61,39,47,,,,,,,,,,
31,683,Unknown/Missing,22.7%,25.3%,25.3%,63,85,77,,,,,,,,,,
31,685,Hispanic,50.0%,44.7%,56.8%,39,34,50,,,,,,,,,,
31,685,Non-Hispanic,12.8%,10.5%,21.6%,10,8,19,,,,,,,,,,
31,685,Unknown/Missing,37.2%,44.7%,21.6%,29,34,19,,,,,,,,,,
